celltype,bin,gene,mean,det,n_cells
astro,0.1,CA2,0.228167757461561,0.233644859813084,428
astro,0.1,CA4,0.00170960298208433,0.00233644859813084,428
astro,0.1,CA12,0.235427568170512,0.203271028037383,428
astro,0.1,CA14,0.00163032518369015,0.00233644859813084,428
astro,0.1,CA8,0.363794767759114,0.36214953271028,428
astro,0.1,CA11,0.0545644242072774,0.0817757009345794,428
astro,0.1,CA9,0.0159405100846959,0.0210280373831776,428
astro,0.1,BSG,0.342640333434689,0.345794392523364,428
astro,0.1,EMB,0.00614773099110505,0.00467289719626168,428
astro,0.1,SLC4A4,1.33527050529406,0.789719626168224,428
astro,0.1,SLC4A2,0.065816648374094,0.0934579439252336,428
astro,0.1,SLC4A10,0.179056398570538,0.231308411214953,428
astro,0.1,SLC9A1,0.0618321676259843,0.100467289719626,428
astro,0.1,SLC9A6,0.130756043245859,0.184579439252336,428
astro,0.1,SLC9A7,0.102998711308029,0.149532710280374,428
astro,0.1,SLC16A1,0.100999427593757,0.10981308411215,428
astro,0.1,SLC16A3,0.162755650407243,0.212616822429907,428
astro,0.1,SLC16A7,0.0920344795161319,0.100467289719626,428
astro,0.1,NDUFA1,0.112272682242861,0.144859813084112,428
astro,0.1,NDUFA2,0.0877460098572981,0.114485981308411,428
astro,0.1,NDUFA4,0.265375516890922,0.296728971962617,428
astro,0.1,NDUFA8,0.0616453977249493,0.0934579439252336,428
astro,0.1,NDUFA9,0.164577966120756,0.235981308411215,428
astro,0.1,NDUFA10,0.385898766603982,0.488317757009346,428
astro,0.1,NDUFA13,0.263286277303629,0.33411214953271,428
astro,0.1,NDUFB1,0.12166932775317,0.163551401869159,428
astro,0.1,NDUFB2,0.180239742813266,0.228971962616822,428
astro,0.1,NDUFB4,0.220668291655656,0.275700934579439,428
astro,0.1,NDUFB6,0.184198298813584,0.240654205607477,428
astro,0.1,NDUFB8,0.303536746337592,0.380841121495327,428
astro,0.1,NDUFB9,0.0973572233152167,0.130841121495327,428
astro,0.1,NDUFB10,0.0837176648952137,0.116822429906542,428
astro,0.1,NDUFS1,0.571290186841354,0.586448598130841,428
astro,0.1,NDUFS2,0.195333317548872,0.271028037383178,428
astro,0.1,NDUFS3,0.0547107825769442,0.0841121495327103,428
astro,0.1,NDUFS4,0.386426966254399,0.436915887850467,428
astro,0.1,NDUFS7,0.124408140778542,0.172897196261682,428
astro,0.1,NDUFS8,0.0796189771912922,0.121495327102804,428
astro,0.1,NDUFV1,0.243733936381117,0.322429906542056,428
astro,0.1,NDUFV2,0.208847646053149,0.289719626168224,428
astro,0.1,SDHA,0.316020449954216,0.397196261682243,428
astro,0.1,SDHB,0.258377220586082,0.315420560747664,428
astro,0.1,UQCRC1,0.097470389557219,0.135514018691589,428
astro,0.1,UQCRC2,0.448449049736852,0.532710280373832,428
astro,0.1,CYC1,0.059322898493749,0.0864485981308411,428
astro,0.1,COX4I1,0.159337629015758,0.210280373831776,428
astro,0.1,COX5A,0.11700894969089,0.168224299065421,428
astro,0.1,COX6C,0.215179859129625,0.27803738317757,428
astro,0.1,COX7C,0.229389413007509,0.27803738317757,428
astro,0.1,ATP5F1A,0.207221449535584,0.259345794392523,428
astro,0.1,ATP5F1B,0.179726198106726,0.22196261682243,428
astro,0.1,ATP5MC1,0.0697921061209429,0.0934579439252336,428
astro,0.1,ATP5PB,0.113402133859764,0.156542056074766,428
astro,0.1,PPARGC1A,0.309352925308397,0.303738317757009,428
astro,0.1,PPARGC1B,0.0381793189689378,0.0467289719626168,428
astro,0.1,PPRC1,0.10910774774362,0.151869158878505,428
astro,0.1,TFAM,0.0637099800683628,0.0794392523364486,428
astro,0.1,NRF1,0.646675851927182,0.640186915887851,428
astro,0.1,NFE2L2,0.811840821927953,0.717289719626168,428
astro,0.1,ESRRA,0.126161878632608,0.168224299065421,428
astro,0.1,MFN1,0.321146389869886,0.397196261682243,428
astro,0.1,MFN2,0.135831947568978,0.198598130841122,428
astro,0.1,OPA1,0.589044269348416,0.602803738317757,428
astro,0.1,DNM1L,0.553141656323014,0.565420560747664,428
astro,0.1,FIS1,0.0683396010894642,0.0934579439252336,428
astro,0.1,SLC1A2,2.74506375771538,0.988317757009346,428
astro,0.1,SLC1A3,2.87654351895658,0.901869158878505,428
astro,0.1,GLUL,1.0891157822492,0.668224299065421,428
astro,0.1,SLC38A1,0.436014611517715,0.299065420560748,428
astro,0.1,SLC38A3,0.0556603624163387,0.0794392523364486,428
astro,0.1,ATP1A1,0.271499333607259,0.289719626168224,428
astro,0.1,ATP1A2,0.671056482418675,0.567757009345795,428
astro,0.1,ATP1A3,0.0504912598250068,0.0724299065420561,428
astro,0.1,ATP1B1,0.136171907604298,0.182242990654206,428
astro,0.1,ATP1B2,0.532817349882326,0.516355140186916,428
astro,0.1,AQP4,1.33078669868061,0.83411214953271,428
astro,0.1,KCNJ10,0.114198062812614,0.142523364485981,428
astro,0.1,GJA1,0.504749625573091,0.490654205607477,428
astro,0.1,GJB6,0.021383809082419,0.0280373831775701,428
astro,0.1,SLC2A1,0.365127882807054,0.294392523364486,428
astro,0.1,SLC2A3,0.323205054432989,0.273364485981308,428
astro,0.1,GYS1,0.393887410027401,0.404205607476636,428
astro,0.1,PYGB,0.249123511261472,0.296728971962617,428
astro,0.1,PYGM,0.00996780729739466,0.0163551401869159,428
astro,0.1,CPT1A,0.307043375186274,0.373831775700935,428
astro,0.1,ACADVL,0.308108615192855,0.38785046728972,428
astro,0.1,HADHA,0.27820195752048,0.371495327102804,428
astro,0.1,ACSL3,1.1282598019064,0.761682242990654,428
astro,0.1,BDH1,0.0701609474615516,0.100467289719626,428
astro,0.1,OXCT1,0.217242877129639,0.261682242990654,428
astro,0.1,SLC16A6,0.107087854957469,0.0911214953271028,428
astro,0.1,RPL13A,0.31183146518246,0.383177570093458,428
astro,0.1,RPS6,0.243895991104786,0.303738317757009,428
astro,0.1,EIF4E,0.309987703425305,0.373831775700935,428
astro,0.1,EEF2,0.14478481888214,0.186915887850467,428
astro,0.1,HSPA5,0.44819238169171,0.450934579439252,428
astro,0.1,DDIT3,0.161273300229946,0.198598130841122,428
astro,0.1,ATF4,0.182815671175997,0.25,428
astro,0.1,EIF2AK3,0.342603905526834,0.35981308411215,428
astro,0.1,GFAP,1.86563550061155,0.789719626168224,428
astro,0.1,VIM,0.495586387116775,0.490654205607477,428
astro,0.1,SERPINA3,0.766014657636112,0.558411214953271,428
astro,0.1,CLU,1.99786271656228,0.936915887850467,428
astro,0.1,C3,0.230936148804482,0.252336448598131,428
astro,0.1,CD44,2.15138035253665,0.934579439252336,428
astro,0.1,LAMP1,0.307621128648241,0.357476635514019,428
astro,0.1,LAMP2,0.501612116869922,0.525700934579439,428
astro,0.1,CTSB,0.174781081275405,0.240654205607477,428
astro,0.1,CTSD,0.188209486550817,0.235981308411215,428
astro,0.1,SLC40A1,0.00874623329004395,0.014018691588785,428
astro,0.1,TFRC,0.896745145738682,0.605140186915888,428
astro,0.1,FTH1,1.43424652983374,0.86214953271028,428
astro,0.1,FTL,0.973530096846206,0.72196261682243,428
astro,0.1,CP,0.095405169249138,0.105140186915888,428
astro,0.1,LDHA,0.270522274285833,0.327102803738318,428
astro,0.1,HK2,0.216841147881802,0.170560747663551,428
astro,0.1,PFKFB3,1.71252656519134,0.913551401869159,428
astro,0.1,NEFL,0.0206162893326483,0.0280373831775701,428
astro,0.1,PTGDS,1.42809242316496,0.892523364485981,428
astro,0.1,MOG,0.0227434892102937,0.0280373831775701,428
astro,0.1,MAG,0.0166047123548026,0.0186915887850467,428
astro,0.1,SNAP25,0.415571303637785,0.448598130841121,428
astro,0.1,SYT1,0.465752106334004,0.485981308411215,428
astro,0.1,SLC17A7,0.0726625323991909,0.100467289719626,428
astro,0.1,RBFOX3,0.0768935916440509,0.100467289719626,428
astro,0.1,ATP6V1A,0.390396197822606,0.418224299065421,428
astro,0.1,ATP6V1B2,0.281675960555255,0.30607476635514,428
astro,0.1,ATP6V0A1,0.732282501793353,0.677570093457944,428
astro,0.1,ATP6V0C,0.17682888428463,0.233644859813084,428
astro,0.1,ATP6V0D1,0.0916738865252967,0.156542056074766,428
astro,0.1,ATP6V1E1,0.240288322008102,0.308411214953271,428
astro,0.2,CA2,0.105697155555978,0.154585335283058,4787
astro,0.2,CA4,0.0059727258452648,0.00856486317108836,4787
astro,0.2,CA12,0.206305140626687,0.225819928974305,4787
astro,0.2,CA14,0.00284241914674437,0.0050135784416127,4787
astro,0.2,CA8,1.0072255425384,0.719030708167955,4787
astro,0.2,CA11,0.0955641892594088,0.130144140380196,4787
astro,0.2,CA9,0.00180928379838891,0.00229789011907249,4787
astro,0.2,BSG,0.517387249314987,0.560894088155421,4787
astro,0.2,EMB,0.00826351600772084,0.0146229371213704,4787
astro,0.2,SLC4A4,2.1478725369387,0.940045957802381,4787
astro,0.2,SLC4A2,0.0459001583179701,0.0722790891999164,4787
astro,0.2,SLC4A10,0.254770146448228,0.317735533737205,4787
astro,0.2,SLC9A1,0.0633315456755255,0.0937956966785043,4787
astro,0.2,SLC9A6,0.158371744516724,0.225611029872572,4787
astro,0.2,SLC9A7,0.0985768007689238,0.134948819720075,4787
astro,0.2,SLC16A1,0.0708816579514066,0.0981825778149154,4787
astro,0.2,SLC16A3,0.0550195475678766,0.0781282640484646,4787
astro,0.2,SLC16A7,0.0852121687057448,0.112178817631084,4787
astro,0.2,NDUFA1,0.0949794090762875,0.141842490077293,4787
astro,0.2,NDUFA2,0.0800704190327376,0.117610194276165,4787
astro,0.2,NDUFA4,0.232072667373803,0.299352412784625,4787
astro,0.2,NDUFA8,0.082660179298059,0.125548360142051,4787
astro,0.2,NDUFA9,0.206479858223396,0.2893252559014,4787
astro,0.2,NDUFA10,0.44289060497,0.525590139962398,4787
astro,0.2,NDUFA13,0.233091547478209,0.302277000208899,4787
astro,0.2,NDUFB1,0.149403412963519,0.213494881972008,4787
astro,0.2,NDUFB2,0.157854870976524,0.217672864006685,4787
astro,0.2,NDUFB4,0.193433099059987,0.273240025067892,4787
astro,0.2,NDUFB6,0.163338805028808,0.221641946939628,4787
astro,0.2,NDUFB8,0.187180070992126,0.26070607896386,4787
astro,0.2,NDUFB9,0.0678276723016895,0.105076248172133,4787
astro,0.2,NDUFB10,0.0749551122873891,0.10382285356173,4787
astro,0.2,NDUFS1,0.587061075675405,0.63275537915187,4787
astro,0.2,NDUFS2,0.221774930349591,0.309797367871318,4787
astro,0.2,NDUFS3,0.0777875786257707,0.115939001462294,4787
astro,0.2,NDUFS4,0.381176713338121,0.462711510340506,4787
astro,0.2,NDUFS7,0.125546928930188,0.181951117610194,4787
astro,0.2,NDUFS8,0.115390410235512,0.168581575099227,4787
astro,0.2,NDUFV1,0.284342956376121,0.380405264257364,4787
astro,0.2,NDUFV2,0.208721241324437,0.296218926258617,4787
astro,0.2,SDHA,0.237591875783581,0.334447461875914,4787
astro,0.2,SDHB,0.243783774310795,0.323793607687487,4787
astro,0.2,UQCRC1,0.125305012291823,0.186129099644872,4787
astro,0.2,UQCRC2,0.528012328473989,0.588468769584291,4787
astro,0.2,CYC1,0.0647602568800573,0.0963024858993106,4787
astro,0.2,COX4I1,0.170828011362394,0.229789011907249,4787
astro,0.2,COX5A,0.103835005939617,0.155420931689994,4787
astro,0.2,COX6C,0.16904203211163,0.242740756214748,4787
astro,0.2,COX7C,0.237995358593707,0.304783789429705,4787
astro,0.2,ATP5F1A,0.234701274938341,0.32776269062043,4787
astro,0.2,ATP5F1B,0.166397693814254,0.233966993941926,4787
astro,0.2,ATP5MC1,0.0622114797325306,0.0948401921871736,4787
astro,0.2,ATP5PB,0.140647642826496,0.21203258825987,4787
astro,0.2,PPARGC1A,0.545818158862161,0.538959682473365,4787
astro,0.2,PPARGC1B,0.0222846509233905,0.0327971589722164,4787
astro,0.2,PPRC1,0.0545597785551911,0.0860664299143514,4787
astro,0.2,TFAM,0.0517526456289708,0.0831418424900773,4787
astro,0.2,NRF1,0.896808321581321,0.76582410695634,4787
astro,0.2,NFE2L2,0.688816653065351,0.673699603091707,4787
astro,0.2,ESRRA,0.176730733553925,0.242531857113014,4787
astro,0.2,MFN1,0.293892738803309,0.396281595989137,4787
astro,0.2,MFN2,0.143065093799177,0.209943597242532,4787
astro,0.2,OPA1,0.53942886254522,0.587215374973888,4787
astro,0.2,DNM1L,0.628718382239043,0.646542719866305,4787
astro,0.2,FIS1,0.0719029137186499,0.107165239189471,4787
astro,0.2,SLC1A2,3.49905032531464,0.981407979945686,4787
astro,0.2,SLC1A3,3.17548644063317,0.988928347608105,4787
astro,0.2,GLUL,1.51778920531173,0.825778149153959,4787
astro,0.2,SLC38A1,0.450775050770796,0.318153331940673,4787
astro,0.2,SLC38A3,0.0813881747809038,0.132233131397535,4787
astro,0.2,ATP1A1,0.134667095820242,0.181115521203259,4787
astro,0.2,ATP1A2,2.09365522311131,0.973678713181533,4787
astro,0.2,ATP1A3,0.0719676084407118,0.0973469814079799,4787
astro,0.2,ATP1B1,0.154884211154056,0.196782953833299,4787
astro,0.2,ATP1B2,1.03483811792835,0.787131815333194,4787
astro,0.2,AQP4,1.85725522919764,0.943388343430123,4787
astro,0.2,KCNJ10,0.387661681089691,0.457489032797159,4787
astro,0.2,GJA1,1.20246518764225,0.813244203049927,4787
astro,0.2,GJB6,0.223474533442841,0.29747232086902,4787
astro,0.2,SLC2A1,0.114833755382472,0.162523501148945,4787
astro,0.2,SLC2A3,0.125302197161462,0.116774597869229,4787
astro,0.2,GYS1,0.310736659015423,0.368915813662001,4787
astro,0.2,PYGB,0.500236033518603,0.559849592646752,4787
astro,0.2,PYGM,0.0844206005608784,0.126801754752455,4787
astro,0.2,CPT1A,0.55748301087652,0.592646751618968,4787
astro,0.2,ACADVL,0.476594754517489,0.538750783371632,4787
astro,0.2,HADHA,0.412036507568455,0.499268853143932,4787
astro,0.2,ACSL3,0.879235575421135,0.731982452475454,4787
astro,0.2,BDH1,0.261369297016705,0.34071443492793,4787
astro,0.2,OXCT1,0.233547476006869,0.282222686442448,4787
astro,0.2,SLC16A6,0.0483415742675771,0.0720701900981826,4787
astro,0.2,RPL13A,0.181017868016915,0.242322958011281,4787
astro,0.2,RPS6,0.155187533700269,0.211614790056403,4787
astro,0.2,EIF4E,0.242176806183381,0.332985168163777,4787
astro,0.2,EEF2,0.105739465449881,0.158972216419469,4787
astro,0.2,HSPA5,0.159687248368539,0.226446626279507,4787
astro,0.2,DDIT3,0.0499966229760176,0.0747858784207228,4787
astro,0.2,ATF4,0.0839871967544829,0.124503864633382,4787
astro,0.2,EIF2AK3,0.151984577886068,0.204094422393984,4787
astro,0.2,GFAP,1.88785823735136,0.899519532066012,4787
astro,0.2,VIM,0.385495647370927,0.429496553164821,4787
astro,0.2,SERPINA3,0.372265628805757,0.326091497806559,4787
astro,0.2,CLU,2.22523688417102,0.968247336536453,4787
astro,0.2,C3,0.166543256138894,0.159807812826405,4787
astro,0.2,CD44,0.777977071296255,0.439523710048047,4787
astro,0.2,LAMP1,0.222460967714462,0.312721955295592,4787
astro,0.2,LAMP2,0.440558512262644,0.519323166910382,4787
astro,0.2,CTSB,0.159643088691738,0.226864424482975,4787
astro,0.2,CTSD,0.331197529691905,0.407979945686234,4787
astro,0.2,SLC40A1,0.0258458383600822,0.0409442239398371,4787
astro,0.2,TFRC,0.298514612114004,0.361395445999582,4787
astro,0.2,FTH1,1.44830318362125,0.838729893461458,4787
astro,0.2,FTL,0.8336097966387,0.655525381240861,4787
astro,0.2,CP,0.197019333891837,0.186337998746605,4787
astro,0.2,LDHA,0.100855893591438,0.13954459995822,4787
astro,0.2,HK2,0.0636961736191233,0.0683100062669731,4787
astro,0.2,PFKFB3,1.151782847681,0.824733653645289,4787
astro,0.2,NEFL,0.0659882163693916,0.0877376227282223,4787
astro,0.2,PTGDS,1.87815140044861,0.965113850010445,4787
astro,0.2,MOG,0.0185749259228146,0.025903488614999,4787
astro,0.2,MAG,0.0126733948374083,0.0173386254439106,4787
astro,0.2,SNAP25,0.360147931716725,0.42239398370587,4787
astro,0.2,SYT1,0.785917157469524,0.721955295592229,4787
astro,0.2,SLC17A7,0.0811374923531437,0.11573010236056,4787
astro,0.2,RBFOX3,0.112899950075702,0.154585335283058,4787
astro,0.2,ATP6V1A,0.369039952982212,0.439105911844579,4787
astro,0.2,ATP6V1B2,0.123861600934575,0.182577814915396,4787
astro,0.2,ATP6V0A1,0.527340747283724,0.584499686651347,4787
astro,0.2,ATP6V0C,0.225389806097301,0.299143513682891,4787
astro,0.2,ATP6V0D1,0.113164793163793,0.16711928138709,4787
astro,0.2,ATP6V1E1,0.178989535754425,0.256110298725716,4787
astro,0.3,CA2,0.129746365033122,0.184408823126456,7299
astro,0.3,CA4,0.0080401532240707,0.0112344156733799,7299
astro,0.3,CA12,0.0963229963058053,0.117276339224551,7299
astro,0.3,CA14,0.00452064606306863,0.00739827373612824,7299
astro,0.3,CA8,0.91798509875623,0.723660775448692,7299
astro,0.3,CA11,0.102384976318951,0.143444307439375,7299
astro,0.3,CA9,0.00195302497705281,0.00287710645293876,7299
astro,0.3,BSG,0.474340053296919,0.525140430195917,7299
astro,0.3,EMB,0.0144394964432942,0.0186326894095082,7299
astro,0.3,SLC4A4,2.11832230497197,0.954377311960543,7299
astro,0.3,SLC4A2,0.0483753681958645,0.0761748184682833,7299
astro,0.3,SLC4A10,0.310397867156734,0.360323331963283,7299
astro,0.3,SLC9A1,0.0626123428022164,0.0897383203178518,7299
astro,0.3,SLC9A6,0.154677124076681,0.214686943416906,7299
astro,0.3,SLC9A7,0.0997332992280472,0.138923140156186,7299
astro,0.3,SLC16A1,0.0566771431015949,0.0805589806822852,7299
astro,0.3,SLC16A3,0.0628860330484488,0.0909713659405398,7299
astro,0.3,SLC16A7,0.0808706851830498,0.109878065488423,7299
astro,0.3,NDUFA1,0.104618753661667,0.145910398684751,7299
astro,0.3,NDUFA2,0.0805651761090238,0.118920400054802,7299
astro,0.3,NDUFA4,0.229008337500929,0.286340594602,7299
astro,0.3,NDUFA8,0.086785616697408,0.13248390190437,7299
astro,0.3,NDUFA9,0.201521829746491,0.274832168790245,7299
astro,0.3,NDUFA10,0.409304632689303,0.487327031100151,7299
astro,0.3,NDUFA13,0.206926476358877,0.266337854500617,7299
astro,0.3,NDUFB1,0.147840785506997,0.210987806548842,7299
astro,0.3,NDUFB2,0.180088087252875,0.232634607480477,7299
astro,0.3,NDUFB4,0.27800483004551,0.333059323194958,7299
astro,0.3,NDUFB6,0.152722329713822,0.209206740649404,7299
astro,0.3,NDUFB8,0.183562420824077,0.256336484449925,7299
astro,0.3,NDUFB9,0.0660820769408677,0.101383751198794,7299
astro,0.3,NDUFB10,0.0690497633491841,0.0967255788464173,7299
astro,0.3,NDUFS1,0.564374341842148,0.606658446362515,7299
astro,0.3,NDUFS2,0.197836155137439,0.270036991368681,7299
astro,0.3,NDUFS3,0.0796349646845392,0.121249486230991,7299
astro,0.3,NDUFS4,0.379684847719474,0.461296067954514,7299
astro,0.3,NDUFS7,0.119357022418929,0.171393341553637,7299
astro,0.3,NDUFS8,0.114445561245298,0.163173037402384,7299
astro,0.3,NDUFV1,0.238223203640227,0.320454856829703,7299
astro,0.3,NDUFV2,0.218563295205679,0.299767091382381,7299
astro,0.3,SDHA,0.221463933460499,0.301548157281819,7299
astro,0.3,SDHB,0.239170075279504,0.313604603370325,7299
astro,0.3,UQCRC1,0.112233728039737,0.16111796136457,7299
astro,0.3,UQCRC2,0.525818311028128,0.585148650500068,7299
astro,0.3,CYC1,0.0592757446735032,0.0882312645567886,7299
astro,0.3,COX4I1,0.161337104641439,0.22235922729141,7299
astro,0.3,COX5A,0.103535408246254,0.151390601452254,7299
astro,0.3,COX6C,0.212194692061231,0.273325113029182,7299
astro,0.3,COX7C,0.297162068140868,0.355802164680093,7299
astro,0.3,ATP5F1A,0.233654488088873,0.322920948075079,7299
astro,0.3,ATP5F1B,0.154993558261946,0.219893136046034,7299
astro,0.3,ATP5MC1,0.0581905119920335,0.0878202493492259,7299
astro,0.3,ATP5PB,0.128525422366699,0.192766132346897,7299
astro,0.3,PPARGC1A,0.587573250122537,0.575284285518564,7299
astro,0.3,PPARGC1B,0.0256228848550724,0.0353473078503905,7299
astro,0.3,PPRC1,0.0456207063360922,0.0691875599397178,7299
astro,0.3,TFAM,0.0634556990165321,0.0957665433621044,7299
astro,0.3,NRF1,0.912168024798618,0.771886559802713,7299
astro,0.3,NFE2L2,0.715700629270229,0.687491437183176,7299
astro,0.3,ESRRA,0.199552311697126,0.267433895054117,7299
astro,0.3,MFN1,0.28690462073066,0.375119879435539,7299
astro,0.3,MFN2,0.134531302660079,0.196465269214961,7299
astro,0.3,OPA1,0.5734024633772,0.598986162488012,7299
astro,0.3,DNM1L,0.571145110133413,0.596794081381011,7299
astro,0.3,FIS1,0.0659159311984137,0.0996026852993561,7299
astro,0.3,SLC1A2,3.6234242279965,0.992327716125497,7299
astro,0.3,SLC1A3,3.07513152342787,0.994245787094122,7299
astro,0.3,GLUL,1.30066792752452,0.822304425263735,7299
astro,0.3,SLC38A1,0.277923034421629,0.215371968762844,7299
astro,0.3,SLC38A3,0.0747382213586258,0.113714207425675,7299
astro,0.3,ATP1A1,0.112829473671447,0.151527606521441,7299
astro,0.3,ATP1A2,2.14253237886794,0.981504315659679,7299
astro,0.3,ATP1A3,0.0731754818078116,0.0990546650226058,7299
astro,0.3,ATP1B1,0.134548015709788,0.174955473352514,7299
astro,0.3,ATP1B2,0.799552001562294,0.709686258391561,7299
astro,0.3,AQP4,1.69313116228928,0.926154267707905,7299
astro,0.3,KCNJ10,0.54353918859911,0.568023016851624,7299
astro,0.3,GJA1,1.40704588254995,0.868475133579942,7299
astro,0.3,GJB6,0.259146123512067,0.324976024112892,7299
astro,0.3,SLC2A1,0.14358575736632,0.194410193177148,7299
astro,0.3,SLC2A3,0.0399588537283149,0.0532949719139608,7299
astro,0.3,GYS1,0.384401604463783,0.424578709412248,7299
astro,0.3,PYGB,0.434867428376064,0.500753527880532,7299
astro,0.3,PYGM,0.118955497485119,0.167420194547198,7299
astro,0.3,CPT1A,0.482964937603871,0.536511850938485,7299
astro,0.3,ACADVL,0.488234881744971,0.547609261542677,7299
astro,0.3,HADHA,0.3639554832958,0.44636251541307,7299
astro,0.3,ACSL3,0.935356354955158,0.75914508836827,7299
astro,0.3,BDH1,0.292095405299838,0.363748458692972,7299
astro,0.3,OXCT1,0.252334237182397,0.302233182627757,7299
astro,0.3,SLC16A6,0.01229122763285,0.0191807096862584,7299
astro,0.3,RPL13A,0.148216442521067,0.204685573366215,7299
astro,0.3,RPS6,0.156276852645798,0.212768872448281,7299
astro,0.3,EIF4E,0.231945595121544,0.310316481709823,7299
astro,0.3,EEF2,0.100714453574255,0.148924510206878,7299
astro,0.3,HSPA5,0.174394807900153,0.22962049595835,7299
astro,0.3,DDIT3,0.0640504723265492,0.0933004521167283,7299
astro,0.3,ATF4,0.0868604325920707,0.127003699136868,7299
astro,0.3,EIF2AK3,0.143084047738616,0.191807096862584,7299
astro,0.3,GFAP,1.21837562562701,0.749280723386765,7299
astro,0.3,VIM,0.314630217708322,0.365118509384847,7299
astro,0.3,SERPINA3,0.0846665121971181,0.0900123304562269,7299
astro,0.3,CLU,2.15037340991855,0.975202082477052,7299
astro,0.3,C3,0.0808468231119053,0.0864501986573503,7299
astro,0.3,CD44,0.332814119169281,0.23523770379504,7299
astro,0.3,LAMP1,0.219547577674935,0.29812303055213,7299
astro,0.3,LAMP2,0.451068407346948,0.511850938484724,7299
astro,0.3,CTSB,0.152606548857062,0.214275928209344,7299
astro,0.3,CTSD,0.264802817653868,0.339635566515961,7299
astro,0.3,SLC40A1,0.0253014731246293,0.0408275106178929,7299
astro,0.3,TFRC,0.20920802428267,0.283463488149062,7299
astro,0.3,FTH1,1.55122550983497,0.839156048773805,7299
astro,0.3,FTL,0.88751152497699,0.657213316892725,7299
astro,0.3,CP,0.106525474873728,0.107685984381422,7299
astro,0.3,LDHA,0.0986997253609971,0.138649130017811,7299
astro,0.3,HK2,0.0647605346202654,0.0785039046444719,7299
astro,0.3,PFKFB3,0.862040281310067,0.72598986162488,7299
astro,0.3,NEFL,0.076615793492422,0.098369639676668,7299
astro,0.3,PTGDS,1.87625566281706,0.962871626250171,7299
astro,0.3,MOG,0.0141788563743522,0.020550760378134,7299
astro,0.3,MAG,0.00841157588914317,0.012467461296068,7299
astro,0.3,SNAP25,0.40677351786194,0.460474037539389,7299
astro,0.3,SYT1,0.998989015846224,0.809973969036854,7299
astro,0.3,SLC17A7,0.092281857128012,0.125085628168242,7299
astro,0.3,RBFOX3,0.19317901525649,0.236333744348541,7299
astro,0.3,ATP6V1A,0.415352800442742,0.468420331552267,7299
astro,0.3,ATP6V1B2,0.120657784958983,0.178791615289766,7299
astro,0.3,ATP6V0A1,0.48373956168036,0.541170023290862,7299
astro,0.3,ATP6V0C,0.190887550012774,0.249760241128922,7299
astro,0.3,ATP6V0D1,0.118315138358631,0.169749280723387,7299
astro,0.3,ATP6V1E1,0.177226938122526,0.241265926839293,7299
astro,0.4,CA2,0.13868980907571,0.191791044776119,5360
astro,0.4,CA4,0.00628136145646003,0.0082089552238806,5360
astro,0.4,CA12,0.121482066832372,0.138805970149254,5360
astro,0.4,CA14,0.00505183334114836,0.00858208955223881,5360
astro,0.4,CA8,0.824971287856018,0.669216417910448,5360
astro,0.4,CA11,0.09869528045294,0.141044776119403,5360
astro,0.4,CA9,0.00163339424822758,0.00261194029850746,5360
astro,0.4,BSG,0.491455505971811,0.523320895522388,5360
astro,0.4,EMB,0.00822986818627635,0.0117537313432836,5360
astro,0.4,SLC4A4,2.06679645170138,0.95615671641791,5360
astro,0.4,SLC4A2,0.0577967490834087,0.0843283582089552,5360
astro,0.4,SLC4A10,0.183620664204902,0.233022388059702,5360
astro,0.4,SLC9A1,0.0489845540569122,0.0701492537313433,5360
astro,0.4,SLC9A6,0.161035674607465,0.222574626865672,5360
astro,0.4,SLC9A7,0.101132566479049,0.139365671641791,5360
astro,0.4,SLC16A1,0.0660212883975968,0.0917910447761194,5360
astro,0.4,SLC16A3,0.0721121270042747,0.104291044776119,5360
astro,0.4,SLC16A7,0.0759106431656809,0.100746268656716,5360
astro,0.4,NDUFA1,0.0889110124628268,0.128171641791045,5360
astro,0.4,NDUFA2,0.0875826780114378,0.124626865671642,5360
astro,0.4,NDUFA4,0.257119035845928,0.320708955223881,5360
astro,0.4,NDUFA8,0.0819995230953418,0.122201492537313,5360
astro,0.4,NDUFA9,0.196984516815352,0.266977611940299,5360
astro,0.4,NDUFA10,0.399183181578766,0.476305970149254,5360
astro,0.4,NDUFA13,0.235910509749135,0.300186567164179,5360
astro,0.4,NDUFB1,0.151464866004439,0.211940298507463,5360
astro,0.4,NDUFB2,0.169113285758936,0.226492537313433,5360
astro,0.4,NDUFB4,0.217281519435346,0.288992537313433,5360
astro,0.4,NDUFB6,0.145287780886266,0.199440298507463,5360
astro,0.4,NDUFB8,0.228991501386375,0.303171641791045,5360
astro,0.4,NDUFB9,0.0852147869320948,0.121641791044776,5360
astro,0.4,NDUFB10,0.0913213337062677,0.12294776119403,5360
astro,0.4,NDUFS1,0.531564286921118,0.579664179104478,5360
astro,0.4,NDUFS2,0.208719442818147,0.281529850746269,5360
astro,0.4,NDUFS3,0.0885701184758722,0.122014925373134,5360
astro,0.4,NDUFS4,0.376384288294991,0.442910447761194,5360
astro,0.4,NDUFS7,0.123268269444468,0.174253731343284,5360
astro,0.4,NDUFS8,0.116161278710325,0.159701492537313,5360
astro,0.4,NDUFV1,0.317363161841102,0.397574626865672,5360
astro,0.4,NDUFV2,0.206854311123824,0.284514925373134,5360
astro,0.4,SDHA,0.240451639106692,0.31660447761194,5360
astro,0.4,SDHB,0.231474598980884,0.303731343283582,5360
astro,0.4,UQCRC1,0.121981203369796,0.169402985074627,5360
astro,0.4,UQCRC2,0.534448441287586,0.587126865671642,5360
astro,0.4,CYC1,0.0852434907025143,0.119029850746269,5360
astro,0.4,COX4I1,0.191825174178873,0.255223880597015,5360
astro,0.4,COX5A,0.115578347013624,0.162126865671642,5360
astro,0.4,COX6C,0.17328771727243,0.238059701492537,5360
astro,0.4,COX7C,0.265980728351469,0.331902985074627,5360
astro,0.4,ATP5F1A,0.233381849613541,0.31660447761194,5360
astro,0.4,ATP5F1B,0.170029402846721,0.228544776119403,5360
astro,0.4,ATP5MC1,0.0642976693586627,0.0934701492537313,5360
astro,0.4,ATP5PB,0.142272886392007,0.202985074626866,5360
astro,0.4,PPARGC1A,0.513226088681328,0.504664179104478,5360
astro,0.4,PPARGC1B,0.0179016971710458,0.0246268656716418,5360
astro,0.4,PPRC1,0.044994624681882,0.0680970149253731,5360
astro,0.4,TFAM,0.06139833946059,0.0917910447761194,5360
astro,0.4,NRF1,0.931933703818428,0.780970149253731,5360
astro,0.4,NFE2L2,0.717756835513039,0.689365671641791,5360
astro,0.4,ESRRA,0.184954143240492,0.244216417910448,5360
astro,0.4,MFN1,0.322326020560047,0.407089552238806,5360
astro,0.4,MFN2,0.122782126285914,0.177425373134328,5360
astro,0.4,OPA1,0.515263075028449,0.557276119402985,5360
astro,0.4,DNM1L,0.64609779715816,0.645522388059702,5360
astro,0.4,FIS1,0.085233562392419,0.12089552238806,5360
astro,0.4,SLC1A2,3.60445688352434,0.992537313432836,5360
astro,0.4,SLC1A3,3.12551830324219,0.995149253731343,5360
astro,0.4,GLUL,1.47393663796638,0.834328358208955,5360
astro,0.4,SLC38A1,0.359262154028932,0.25205223880597,5360
astro,0.4,SLC38A3,0.0874420992362855,0.126865671641791,5360
astro,0.4,ATP1A1,0.131717086163586,0.170708955223881,5360
astro,0.4,ATP1A2,2.18715696740729,0.98339552238806,5360
astro,0.4,ATP1A3,0.0561494756990404,0.0751865671641791,5360
astro,0.4,ATP1B1,0.120538384258858,0.153544776119403,5360
astro,0.4,ATP1B2,1.03113000962828,0.804291044776119,5360
astro,0.4,AQP4,1.8026789104149,0.945149253731343,5360
astro,0.4,KCNJ10,0.432730893537736,0.488059701492537,5360
astro,0.4,GJA1,1.25334591540828,0.838059701492537,5360
astro,0.4,GJB6,0.282984526422042,0.325,5360
astro,0.4,SLC2A1,0.131752233599215,0.177798507462687,5360
astro,0.4,SLC2A3,0.0738689930831541,0.0766791044776119,5360
astro,0.4,GYS1,0.281355307823909,0.336940298507463,5360
astro,0.4,PYGB,0.460758830326151,0.519029850746269,5360
astro,0.4,PYGM,0.0848995181134165,0.128544776119403,5360
astro,0.4,CPT1A,0.49857663637333,0.540858208955224,5360
astro,0.4,ACADVL,0.509889484041218,0.560820895522388,5360
astro,0.4,HADHA,0.404320706560541,0.475186567164179,5360
astro,0.4,ACSL3,0.931507248826214,0.75634328358209,5360
astro,0.4,BDH1,0.246166865758375,0.311194029850746,5360
astro,0.4,OXCT1,0.275187463641389,0.325559701492537,5360
astro,0.4,SLC16A6,0.0459432287391887,0.0613805970149254,5360
astro,0.4,RPL13A,0.188549758644024,0.24589552238806,5360
astro,0.4,RPS6,0.166149332224211,0.216791044776119,5360
astro,0.4,EIF4E,0.234819157257565,0.312686567164179,5360
astro,0.4,EEF2,0.105447556111795,0.144962686567164,5360
astro,0.4,HSPA5,0.149186560230802,0.197014925373134,5360
astro,0.4,DDIT3,0.0877103065988466,0.121455223880597,5360
astro,0.4,ATF4,0.10367631726801,0.141231343283582,5360
astro,0.4,EIF2AK3,0.149814817890414,0.194962686567164,5360
astro,0.4,GFAP,1.91137828274505,0.90410447761194,5360
astro,0.4,VIM,0.422700340692788,0.434328358208955,5360
astro,0.4,SERPINA3,0.19617747558809,0.186380597014925,5360
astro,0.4,CLU,2.23192866421235,0.981716417910448,5360
astro,0.4,C3,0.156426930138424,0.149067164179104,5360
astro,0.4,CD44,0.568961246767596,0.377798507462687,5360
astro,0.4,LAMP1,0.224508729201755,0.301679104477612,5360
astro,0.4,LAMP2,0.427191910470155,0.494776119402985,5360
astro,0.4,CTSB,0.147751300036907,0.207276119402985,5360
astro,0.4,CTSD,0.285065109502357,0.352985074626866,5360
astro,0.4,SLC40A1,0.0273905192237737,0.0397388059701493,5360
astro,0.4,TFRC,0.319468847545448,0.3375,5360
astro,0.4,FTH1,1.65862765326651,0.867350746268657,5360
astro,0.4,FTL,1.01752053774726,0.709888059701493,5360
astro,0.4,CP,0.198402349447915,0.190298507462687,5360
astro,0.4,LDHA,0.116330322314665,0.16044776119403,5360
astro,0.4,HK2,0.0892822078192857,0.0912313432835821,5360
astro,0.4,PFKFB3,1.09707713665635,0.803917910447761,5360
astro,0.4,NEFL,0.0519704873604116,0.069589552238806,5360
astro,0.4,PTGDS,1.86308637453771,0.965111940298507,5360
astro,0.4,MOG,0.012214489506363,0.017910447761194,5360
astro,0.4,MAG,0.0117266212492736,0.0156716417910448,5360
astro,0.4,SNAP25,0.334892423809576,0.388246268656716,5360
astro,0.4,SYT1,0.63920316530475,0.627798507462687,5360
astro,0.4,SLC17A7,0.0755750755876748,0.100559701492537,5360
astro,0.4,RBFOX3,0.103165261728216,0.137126865671642,5360
astro,0.4,ATP6V1A,0.380867701210082,0.44384328358209,5360
astro,0.4,ATP6V1B2,0.126485483951644,0.178917910447761,5360
astro,0.4,ATP6V0A1,0.497613988299646,0.550932835820896,5360
astro,0.4,ATP6V0C,0.221826056855272,0.280410447761194,5360
astro,0.4,ATP6V0D1,0.0990152752499527,0.142350746268657,5360
astro,0.4,ATP6V1E1,0.182754787002037,0.244589552238806,5360
astro,0.5,CA2,0.105503727901315,0.143039863568535,4691
astro,0.5,CA4,0.0043790616147479,0.00639522489874227,4691
astro,0.5,CA12,0.107407198229773,0.123854188872309,4691
astro,0.5,CA14,0.0030540020398254,0.00511617991899382,4691
astro,0.5,CA8,0.960587713115379,0.692602856533788,4691
astro,0.5,CA11,0.112054913785,0.141547644425496,4691
astro,0.5,CA9,0.00238587921856563,0.00277126412278832,4691
astro,0.5,BSG,0.504467113780152,0.51588147516521,4691
astro,0.5,EMB,0.00870934786623258,0.0110850564911533,4691
astro,0.5,SLC4A4,2.33866835542641,0.967384353016415,4691
astro,0.5,SLC4A2,0.0533007698332519,0.0729055638456619,4691
astro,0.5,SLC4A10,0.215951794790602,0.246216158601578,4691
astro,0.5,SLC9A1,0.0723607357129998,0.0912385418887231,4691
astro,0.5,SLC9A6,0.153637234335184,0.197612449371136,4691
astro,0.5,SLC9A7,0.08296169814233,0.106587081645705,4691
astro,0.5,SLC16A1,0.043601787428921,0.0556384566190578,4691
astro,0.5,SLC16A3,0.0403413736910435,0.0594755915583031,4691
astro,0.5,SLC16A7,0.0613744045671078,0.0758900021317416,4691
astro,0.5,NDUFA1,0.0660676670383223,0.088040929439352,4691
astro,0.5,NDUFA2,0.064622856023799,0.0856960136431465,4691
astro,0.5,NDUFA4,0.170819629162417,0.217650820720529,4691
astro,0.5,NDUFA8,0.0725261179197828,0.0999786825836709,4691
astro,0.5,NDUFA9,0.18948813219539,0.237689192069921,4691
astro,0.5,NDUFA10,0.416454084489143,0.451716052014496,4691
astro,0.5,NDUFA13,0.201794114572944,0.247282029418035,4691
astro,0.5,NDUFB1,0.12566616879651,0.167341718183756,4691
astro,0.5,NDUFB2,0.113101975066757,0.151780004263483,4691
astro,0.5,NDUFB4,0.152390194889631,0.200383713493925,4691
astro,0.5,NDUFB6,0.142330055989276,0.182050735450863,4691
astro,0.5,NDUFB8,0.191785801355327,0.240460456192709,4691
astro,0.5,NDUFB9,0.0685409810612436,0.0888936260925176,4691
astro,0.5,NDUFB10,0.0610112080986224,0.0810061820507355,4691
astro,0.5,NDUFS1,0.549940067589397,0.556171392027286,4691
astro,0.5,NDUFS2,0.207395546035049,0.263056917501599,4691
astro,0.5,NDUFS3,0.085662275355804,0.115540396503944,4691
astro,0.5,NDUFS4,0.326275535377326,0.374120656576423,4691
astro,0.5,NDUFS7,0.130725749308711,0.167554892347048,4691
astro,0.5,NDUFS8,0.123456586909126,0.152419526753357,4691
astro,0.5,NDUFV1,0.301447390836583,0.35557450437007,4691
astro,0.5,NDUFV2,0.199173798549152,0.253677254316777,4691
astro,0.5,SDHA,0.220460748331325,0.274781496482626,4691
astro,0.5,SDHB,0.237659677952064,0.280750373054786,4691
astro,0.5,UQCRC1,0.128811548387565,0.167128544020465,4691
astro,0.5,UQCRC2,0.479592081733513,0.509273076103176,4691
astro,0.5,CYC1,0.0553591885665311,0.0767426987849073,4691
astro,0.5,COX4I1,0.14126564861551,0.182263909614155,4691
astro,0.5,COX5A,0.0856030602885624,0.115114048177361,4691
astro,0.5,COX6C,0.151625236540404,0.192283095288851,4691
astro,0.5,COX7C,0.199212917756663,0.240886804519292,4691
astro,0.5,ATP5F1A,0.222090352181305,0.277339586442123,4691
astro,0.5,ATP5F1B,0.159523713330779,0.198891494350885,4691
astro,0.5,ATP5MC1,0.0508641448515968,0.0688552547431251,4691
astro,0.5,ATP5PB,0.140557822334794,0.184821999573652,4691
astro,0.5,PPARGC1A,0.387351303921023,0.379450010658708,4691
astro,0.5,PPARGC1B,0.0187721413619176,0.024515028778512,4691
astro,0.5,PPRC1,0.0794008108337559,0.104668514176082,4691
astro,0.5,TFAM,0.0553087457947781,0.0758900021317416,4691
astro,0.5,NRF1,0.94290460495902,0.743764655723726,4691
astro,0.5,NFE2L2,0.714475651986562,0.633979961628651,4691
astro,0.5,ESRRA,0.179144226749984,0.217224472393946,4691
astro,0.5,MFN1,0.288773909728935,0.344063099552334,4691
astro,0.5,MFN2,0.135695947992906,0.178853123001492,4691
astro,0.5,OPA1,0.517200943513787,0.520784480920912,4691
astro,0.5,DNM1L,0.588449876138433,0.57791515668301,4691
astro,0.5,FIS1,0.0589849878522639,0.0803666595608612,4691
astro,0.5,SLC1A2,3.72578707768754,0.993604775101258,4691
astro,0.5,SLC1A3,3.47833123542027,0.996802387550629,4691
astro,0.5,GLUL,1.78038582218479,0.900660839906203,4691
astro,0.5,SLC38A1,0.179731199260943,0.138776380302707,4691
astro,0.5,SLC38A3,0.154896955949059,0.191004050309103,4691
astro,0.5,ATP1A1,0.0915389904346173,0.115540396503944,4691
astro,0.5,ATP1A2,2.12240716323901,0.977190364527819,4691
astro,0.5,ATP1A3,0.055354541818411,0.0724792155190791,4691
astro,0.5,ATP1B1,0.109440600473701,0.134939245363462,4691
astro,0.5,ATP1B2,1.23157201052995,0.839479855041569,4691
astro,0.5,AQP4,1.73946772753062,0.920699211255596,4691
astro,0.5,KCNJ10,0.528918043554045,0.525900660839906,4691
astro,0.5,GJA1,1.15597778771559,0.765934768706033,4691
astro,0.5,GJB6,0.235476284297995,0.271157535706672,4691
astro,0.5,SLC2A1,0.122651505641174,0.155190790876146,4691
astro,0.5,SLC2A3,0.0542142826200574,0.0588360690684289,4691
astro,0.5,GYS1,0.299848669905242,0.325516947345982,4691
astro,0.5,PYGB,0.391477897429715,0.432104028991686,4691
astro,0.5,PYGM,0.0855509198962232,0.107866126625453,4691
astro,0.5,CPT1A,0.540571646007666,0.536559369004477,4691
astro,0.5,ACADVL,0.483356833343591,0.507141334470262,4691
astro,0.5,HADHA,0.376078385688989,0.420379450010659,4691
astro,0.5,ACSL3,0.765345427155037,0.643359624813473,4691
astro,0.5,BDH1,0.303555346693446,0.338307397143466,4691
astro,0.5,OXCT1,0.222841203228621,0.24515028778512,4691
astro,0.5,SLC16A6,0.0122444687736388,0.0185461522063526,4691
astro,0.5,RPL13A,0.153226241043727,0.192709443615434,4691
astro,0.5,RPS6,0.130320171606208,0.168620763163505,4691
astro,0.5,EIF4E,0.23552033275944,0.292901300362396,4691
astro,0.5,EEF2,0.0973349995633174,0.131102110424217,4691
astro,0.5,HSPA5,0.124670630260155,0.162651886591345,4691
astro,0.5,DDIT3,0.0608923679233182,0.0837774461735238,4691
astro,0.5,ATF4,0.111448255064416,0.143253037731827,4691
astro,0.5,EIF2AK3,0.131257103275221,0.160093796631848,4691
astro,0.5,GFAP,2.28867975931334,0.962907695587295,4691
astro,0.5,VIM,0.330449385118622,0.344063099552334,4691
astro,0.5,SERPINA3,0.561332711934459,0.390108718823279,4691
astro,0.5,CLU,2.16387821067831,0.969302920486037,4691
astro,0.5,C3,0.12362464606457,0.116179918993818,4691
astro,0.5,CD44,0.697780491255718,0.441270518013217,4691
astro,0.5,LAMP1,0.214635073423919,0.268173097420593,4691
astro,0.5,LAMP2,0.413953589779358,0.446599872095502,4691
astro,0.5,CTSB,0.165753616488226,0.213174163291409,4691
astro,0.5,CTSD,0.294167201631716,0.344489447878917,4691
astro,0.5,SLC40A1,0.0214885551934302,0.0304839053506715,4691
astro,0.5,TFRC,0.306076240070058,0.346194841185248,4691
astro,0.5,FTH1,1.2341506397977,0.774035386911106,4691
astro,0.5,FTL,0.749042947563986,0.561713920272863,4691
astro,0.5,CP,0.111440894011495,0.0989128117672138,4691
astro,0.5,LDHA,0.12509003589718,0.156043487529311,4691
astro,0.5,HK2,0.0706413780777624,0.0756768279684502,4691
astro,0.5,PFKFB3,1.32738763414144,0.858026007247922,4691
astro,0.5,NEFL,0.0619755782372813,0.0746109571519932,4691
astro,0.5,PTGDS,1.90202454991672,0.95011724578981,4691
astro,0.5,MOG,0.016845021991683,0.0217437646557237,4691
astro,0.5,MAG,0.00492384299187995,0.0070347473886165,4691
astro,0.5,SNAP25,0.405902186243856,0.421445320827116,4691
astro,0.5,SYT1,0.695881371913854,0.62182903432104,4691
astro,0.5,SLC17A7,0.0800434392738942,0.101044553400128,4691
astro,0.5,RBFOX3,0.104639744887574,0.131102110424217,4691
astro,0.5,ATP6V1A,0.349083315866178,0.387763803027073,4691
astro,0.5,ATP6V1B2,0.117850808697935,0.154977616712854,4691
astro,0.5,ATP6V0A1,0.480393862942215,0.499893412918354,4691
astro,0.5,ATP6V0C,0.197703956538008,0.241099978682584,4691
astro,0.5,ATP6V0D1,0.120726291758118,0.15583031336602,4691
astro,0.5,ATP6V1E1,0.174327681270319,0.214666382434449,4691
astro,0.6,CA2,0.119369614951892,0.165978220052572,5326
astro,0.6,CA4,0.00632775503298505,0.00976342470897484,5326
astro,0.6,CA12,0.14339266819834,0.16428839654525,5326
astro,0.6,CA14,0.00498593903566007,0.00826135936913256,5326
astro,0.6,CA8,0.866243128157338,0.684754036800601,5326
astro,0.6,CA11,0.109466439271797,0.156590311678558,5326
astro,0.6,CA9,0.000834526332571593,0.00112654900488171,5326
astro,0.6,BSG,0.630631601840112,0.606834397296282,5326
astro,0.6,EMB,0.0130456177293247,0.015771686068344,5326
astro,0.6,SLC4A4,2.16564746315749,0.958693203154337,5326
astro,0.6,SLC4A2,0.053205401287283,0.0833646263612467,5326
astro,0.6,SLC4A10,0.252618051763208,0.295343597446489,5326
astro,0.6,SLC9A1,0.0488522949436532,0.0685317311303042,5326
astro,0.6,SLC9A6,0.185201450659174,0.251971460758543,5326
astro,0.6,SLC9A7,0.0976470366506437,0.132932782576042,5326
astro,0.6,SLC16A1,0.0592176754431889,0.0858054825384904,5326
astro,0.6,SLC16A3,0.0336779943487942,0.0531355613969208,5326
astro,0.6,SLC16A7,0.0701293742386998,0.0912504693954187,5326
astro,0.6,NDUFA1,0.085480019777532,0.126549004881712,5326
astro,0.6,NDUFA2,0.0762836752089396,0.105707848291401,5326
astro,0.6,NDUFA4,0.206062204150992,0.264363499812242,5326
astro,0.6,NDUFA8,0.0742307909719934,0.107585429966204,5326
astro,0.6,NDUFA9,0.195319444089401,0.260045061960195,5326
astro,0.6,NDUFA10,0.426315503335518,0.488734509951183,5326
astro,0.6,NDUFA13,0.217731806265986,0.27656778069846,5326
astro,0.6,NDUFB1,0.143366751531394,0.199962448366504,5326
astro,0.6,NDUFB2,0.129192627362076,0.176304919263988,5326
astro,0.6,NDUFB4,0.211610244764026,0.277506571535862,5326
astro,0.6,NDUFB6,0.155671274389511,0.210852422080361,5326
astro,0.6,NDUFB8,0.190316322017244,0.262485918137439,5326
astro,0.6,NDUFB9,0.0648546611097716,0.0959444235824258,5326
astro,0.6,NDUFB10,0.0722477480802731,0.098009763424709,5326
astro,0.6,NDUFS1,0.588291466929973,0.603266992114157,5326
astro,0.6,NDUFS2,0.206006822603294,0.275816748028539,5326
astro,0.6,NDUFS3,0.0773708935361181,0.113969207660533,5326
astro,0.6,NDUFS4,0.37924189360024,0.442170484416072,5326
astro,0.6,NDUFS7,0.131237657120297,0.180623357116035,5326
astro,0.6,NDUFS8,0.125240136750694,0.173864063086744,5326
astro,0.6,NDUFV1,0.272521325199957,0.350356740518213,5326
astro,0.6,NDUFV2,0.213895723332801,0.287082238077356,5326
astro,0.6,SDHA,0.228360974375708,0.306421329327826,5326
astro,0.6,SDHB,0.260424488459455,0.328013518588059,5326
astro,0.6,UQCRC1,0.13612042502313,0.182876455125798,5326
astro,0.6,UQCRC2,0.538201176262399,0.573225685317311,5326
astro,0.6,CYC1,0.063674859176598,0.0957566654149456,5326
astro,0.6,COX4I1,0.158390212229128,0.216485167104769,5326
astro,0.6,COX5A,0.101092467199937,0.145700337964701,5326
astro,0.6,COX6C,0.170351487295188,0.234134434847916,5326
astro,0.6,COX7C,0.250024187547503,0.301915133308299,5326
astro,0.6,ATP5F1A,0.230898395488462,0.307547878332707,5326
astro,0.6,ATP5F1B,0.175700727166133,0.23676304919264,5326
astro,0.6,ATP5MC1,0.0511092953509824,0.0736012016522719,5326
astro,0.6,ATP5PB,0.132032617414598,0.192452121667293,5326
astro,0.6,PPARGC1A,0.636255744717374,0.582238077356365,5326
astro,0.6,PPARGC1B,0.0217156983517499,0.0296657904618851,5326
astro,0.6,PPRC1,0.0431636437169377,0.0613969207660533,5326
astro,0.6,TFAM,0.0581417305690876,0.0871197897108524,5326
astro,0.6,NRF1,0.993275819756888,0.778257604205783,5326
astro,0.6,NFE2L2,0.659502183754799,0.632557266241081,5326
astro,0.6,ESRRA,0.195279668819354,0.248216297408937,5326
astro,0.6,MFN1,0.319749018590767,0.403116785580173,5326
astro,0.6,MFN2,0.128458135389561,0.182313180623357,5326
astro,0.6,OPA1,0.534643406270144,0.565152084115659,5326
astro,0.6,DNM1L,0.606191139876663,0.608711978971085,5326
astro,0.6,FIS1,0.0658808847259096,0.0935035674051821,5326
astro,0.6,SLC1A2,3.84272389531897,0.991550882463387,5326
astro,0.6,SLC1A3,3.13716412567573,0.991926398798348,5326
astro,0.6,GLUL,1.66557673313118,0.857867067217424,5326
astro,0.6,SLC38A1,0.293110500703595,0.207097258730755,5326
astro,0.6,SLC38A3,0.0924726360684895,0.127863312054074,5326
astro,0.6,ATP1A1,0.106406818531171,0.138565527600451,5326
astro,0.6,ATP1A2,2.36560118971711,0.986293653773939,5326
astro,0.6,ATP1A3,0.063019238264096,0.0843034171986482,5326
astro,0.6,ATP1B1,0.135971947276207,0.165790461885092,5326
astro,0.6,ATP1B2,1.0331789223415,0.774314682688697,5326
astro,0.6,AQP4,1.69683939838517,0.912316935786707,5326
astro,0.6,KCNJ10,0.523883085089365,0.55276004506196,5326
astro,0.6,GJA1,1.43855902996898,0.858242583552385,5326
astro,0.6,GJB6,0.279519663531217,0.336838152459632,5326
astro,0.6,SLC2A1,0.140762751731061,0.184754036800601,5326
astro,0.6,SLC2A3,0.06680478622848,0.0696582801351859,5326
astro,0.6,GYS1,0.319619291965961,0.362748779571911,5326
astro,0.6,PYGB,0.485080895264861,0.523469770935036,5326
astro,0.6,PYGM,0.128962957048792,0.169733383402178,5326
astro,0.6,CPT1A,0.562136705468192,0.578107397671799,5326
astro,0.6,ACADVL,0.457969044387296,0.517649267743147,5326
astro,0.6,HADHA,0.429103793389606,0.494742771310552,5326
astro,0.6,ACSL3,0.925103676750545,0.733195644010514,5326
astro,0.6,BDH1,0.27542471648986,0.338527975966955,5326
astro,0.6,OXCT1,0.228289143174294,0.2761922643635,5326
astro,0.6,SLC16A6,0.0187898553513379,0.0225309800976343,5326
astro,0.6,RPL13A,0.159733558382099,0.211227938415321,5326
astro,0.6,RPS6,0.136136073771608,0.184566278633121,5326
astro,0.6,EIF4E,0.234914585268121,0.303980473150582,5326
astro,0.6,EEF2,0.097302358959834,0.139504318437852,5326
astro,0.6,HSPA5,0.137115007478337,0.190199023657529,5326
astro,0.6,DDIT3,0.0551469143433899,0.0839279008636876,5326
astro,0.6,ATF4,0.0785751333708518,0.109838527975967,5326
astro,0.6,EIF2AK3,0.139339341983126,0.184566278633121,5326
astro,0.6,GFAP,1.47208337530835,0.818813368381525,5326
astro,0.6,VIM,0.339421386820367,0.383026661659782,5326
astro,0.6,SERPINA3,0.0574130041596812,0.057266241081487,5326
astro,0.6,CLU,2.14824038302478,0.966579046188509,5326
astro,0.6,C3,0.0770318917804225,0.0775441231693579,5326
astro,0.6,CD44,0.319450968166536,0.218738265114532,5326
astro,0.6,LAMP1,0.21388291963175,0.286706721742396,5326
astro,0.6,LAMP2,0.468808631273843,0.516710476905745,5326
astro,0.6,CTSB,0.155692616011073,0.215170859932407,5326
astro,0.6,CTSD,0.333265764417055,0.393353360871198,5326
astro,0.6,SLC40A1,0.0211125393497778,0.0332331956440105,5326
astro,0.6,TFRC,0.275151393773231,0.32876455125798,5326
astro,0.6,FTH1,1.37124930752474,0.803041682313181,5326
astro,0.6,FTL,0.675210556216116,0.570221554637627,5326
astro,0.6,CP,0.0794851785169658,0.0773563650018776,5326
astro,0.6,LDHA,0.0863683144853968,0.116034547502816,5326
astro,0.6,HK2,0.0769395231137453,0.0767930904994367,5326
astro,0.6,PFKFB3,0.980969444205449,0.758918512955314,5326
astro,0.6,NEFL,0.048832669221858,0.0655276004506196,5326
astro,0.6,PTGDS,2.02190929186823,0.965640255351108,5326
astro,0.6,MOG,0.0126219852538965,0.0187758167480285,5326
astro,0.6,MAG,0.00726002185607915,0.00938790837401427,5326
astro,0.6,SNAP25,0.391392140377521,0.426774314682689,5326
astro,0.6,SYT1,0.82877858815742,0.702778820878708,5326
astro,0.6,SLC17A7,0.105761793306726,0.128051070221555,5326
astro,0.6,RBFOX3,0.135224074416263,0.165414945550131,5326
astro,0.6,ATP6V1A,0.371147810783303,0.429402929027413,5326
astro,0.6,ATP6V1B2,0.117584661760032,0.165039429215171,5326
astro,0.6,ATP6V0A1,0.496812585004057,0.535861809988735,5326
astro,0.6,ATP6V0C,0.202223347399945,0.266804355989486,5326
astro,0.6,ATP6V0D1,0.0996826770601754,0.139692076605332,5326
astro,0.6,ATP6V1E1,0.167620985592123,0.226624108148704,5326
astro,0.7,CA2,0.130916192490983,0.190888812628689,11656
astro,0.7,CA4,0.00794291527725772,0.0113246396705559,11656
astro,0.7,CA12,0.171378359399281,0.194492107069321,11656
astro,0.7,CA14,0.00487181402400249,0.00754975978037063,11656
astro,0.7,CA8,0.906236147840412,0.722117364447495,11656
astro,0.7,CA11,0.104100797365003,0.155370624571036,11656
astro,0.7,CA9,0.00119221680679383,0.00188743994509266,11656
astro,0.7,BSG,0.488854391812286,0.547614962251201,11656
astro,0.7,EMB,0.00961992652369593,0.013984214138641,11656
astro,0.7,SLC4A4,2.1670822544265,0.954186684969115,11656
astro,0.7,SLC4A2,0.0502450864099851,0.081503088538092,11656
astro,0.7,SLC4A10,0.257231871447256,0.322494852436513,11656
astro,0.7,SLC9A1,0.0588896546497501,0.0894818119423473,11656
astro,0.7,SLC9A6,0.173837543352058,0.253431708991078,11656
astro,0.7,SLC9A7,0.0987067873485504,0.140099519560741,11656
astro,0.7,SLC16A1,0.0547668878155247,0.0827899794097461,11656
astro,0.7,SLC16A3,0.040857070553268,0.0611702127659575,11656
astro,0.7,SLC16A7,0.0725854012805792,0.0996053534660261,11656
astro,0.7,NDUFA1,0.068776407004855,0.104238160603981,11656
astro,0.7,NDUFA2,0.0641361384274785,0.0954015099519561,11656
astro,0.7,NDUFA4,0.184755054808125,0.257721345229925,11656
astro,0.7,NDUFA8,0.0807874276364758,0.126630061770762,11656
astro,0.7,NDUFA9,0.206186871994837,0.296070693205216,11656
astro,0.7,NDUFA10,0.415332970518156,0.508321894303363,11656
astro,0.7,NDUFA13,0.188846310324502,0.260123541523679,11656
astro,0.7,NDUFB1,0.144996163031942,0.217312971859986,11656
astro,0.7,NDUFB2,0.123025278399098,0.179392587508579,11656
astro,0.7,NDUFB4,0.180643246604376,0.259265614275909,11656
astro,0.7,NDUFB6,0.154702831862537,0.221516815374056,11656
astro,0.7,NDUFB8,0.182044446055426,0.264327385037749,11656
astro,0.7,NDUFB9,0.0668207288629586,0.104238160603981,11656
astro,0.7,NDUFB10,0.0511173079187893,0.0740391214824983,11656
astro,0.7,NDUFS1,0.583550333078023,0.631863417982155,11656
astro,0.7,NDUFS2,0.220703431027357,0.309711736444749,11656
astro,0.7,NDUFS3,0.0746040147874318,0.115991763898421,11656
astro,0.7,NDUFS4,0.395279827675358,0.479667124227866,11656
astro,0.7,NDUFS7,0.125864340677632,0.184196980096088,11656
astro,0.7,NDUFS8,0.124282638224669,0.179478380233356,11656
astro,0.7,NDUFV1,0.262493484666956,0.355868222374743,11656
astro,0.7,NDUFV2,0.219938639509214,0.314859299931366,11656
astro,0.7,SDHA,0.225305835385957,0.317776252573782,11656
astro,0.7,SDHB,0.254761276009838,0.341455044612217,11656
astro,0.7,UQCRC1,0.125887960058751,0.184368565545642,11656
astro,0.7,UQCRC2,0.52126434814842,0.591626630061771,11656
astro,0.7,CYC1,0.0631400253316905,0.0911118737131091,11656
astro,0.7,COX4I1,0.150274408243561,0.209677419354839,11656
astro,0.7,COX5A,0.0984626386018039,0.149450926561428,11656
astro,0.7,COX6C,0.146592724595319,0.213795470144132,11656
astro,0.7,COX7C,0.192065469370918,0.257892930679478,11656
astro,0.7,ATP5F1A,0.249040652828402,0.348575840768703,11656
astro,0.7,ATP5F1B,0.16707523210088,0.242621825669183,11656
astro,0.7,ATP5MC1,0.0489780594164591,0.0748970487302677,11656
astro,0.7,ATP5PB,0.141301010840802,0.21413864104324,11656
astro,0.7,PPARGC1A,0.586474387564517,0.568033630748113,11656
astro,0.7,PPARGC1B,0.0232367546437596,0.0343170899107756,11656
astro,0.7,PPRC1,0.052900940991616,0.0844200411805079,11656
astro,0.7,TFAM,0.0611289744185477,0.0975463280713795,11656
astro,0.7,NRF1,1.01389042646404,0.807566918325326,11656
astro,0.7,NFE2L2,0.75943818962484,0.715168153740563,11656
astro,0.7,ESRRA,0.192187738234744,0.265614275909403,11656
astro,0.7,MFN1,0.299391264567636,0.402882635552505,11656
astro,0.7,MFN2,0.1317473020131,0.198181194234729,11656
astro,0.7,OPA1,0.549795670929578,0.599948524365134,11656
astro,0.7,DNM1L,0.579511405955092,0.623627316403569,11656
astro,0.7,FIS1,0.0658990065749369,0.101235415236788,11656
astro,0.7,SLC1A2,3.64000966883915,0.988675360329444,11656
astro,0.7,SLC1A3,3.11974326095192,0.991334934797529,11656
astro,0.7,GLUL,1.57492108475072,0.87302676733013,11656
astro,0.7,SLC38A1,0.234919643443776,0.190202470830474,11656
astro,0.7,SLC38A3,0.0967586337957549,0.148078242964997,11656
astro,0.7,ATP1A1,0.111399077799481,0.156485929993137,11656
astro,0.7,ATP1A2,2.1394069100089,0.977093342484557,11656
astro,0.7,ATP1A3,0.0648853451783169,0.0930851063829787,11656
astro,0.7,ATP1B1,0.132465606729207,0.17656142759094,11656
astro,0.7,ATP1B2,1.01905984645895,0.795727522306108,11656
astro,0.7,AQP4,1.63180908834333,0.924759780370625,11656
astro,0.7,KCNJ10,0.559339879066591,0.583133150308854,11656
astro,0.7,GJA1,1.29832625009667,0.851921757035003,11656
astro,0.7,GJB6,0.279194794932742,0.350377487989019,11656
astro,0.7,SLC2A1,0.111142785159913,0.166523678792038,11656
astro,0.7,SLC2A3,0.0441258868858392,0.0615133836650652,11656
astro,0.7,GYS1,0.256919148170332,0.331588881262869,11656
astro,0.7,PYGB,0.408992839190922,0.496396705559369,11656
astro,0.7,PYGM,0.100212563136075,0.150566231983528,11656
astro,0.7,CPT1A,0.524196978565114,0.579015099519561,11656
astro,0.7,ACADVL,0.437671754185773,0.518531228551819,11656
astro,0.7,HADHA,0.379019638843062,0.478380233356211,11656
astro,0.7,ACSL3,0.983658649570672,0.785175017158545,11656
astro,0.7,BDH1,0.2608194679569,0.344972546328071,11656
astro,0.7,OXCT1,0.251012009134492,0.309883321894303,11656
astro,0.7,SLC16A6,0.024042442299083,0.0332875772134523,11656
astro,0.7,RPL13A,0.150980377714255,0.213109128345916,11656
astro,0.7,RPS6,0.127273623851386,0.176733013040494,11656
astro,0.7,EIF4E,0.256079561447158,0.348747426218257,11656
astro,0.7,EEF2,0.104503416727945,0.153225806451613,11656
astro,0.7,HSPA5,0.19020238005305,0.249056280027454,11656
astro,0.7,DDIT3,0.0671379781464292,0.096945778997941,11656
astro,0.7,ATF4,0.101720062881585,0.150909402882636,11656
astro,0.7,EIF2AK3,0.128346721396904,0.180250514756349,11656
astro,0.7,GFAP,1.48945685755909,0.809883321894303,11656
astro,0.7,VIM,0.398268379194326,0.437800274536719,11656
astro,0.7,SERPINA3,0.271923585533431,0.212422786547701,11656
astro,0.7,CLU,2.14557848568026,0.973404255319149,11656
astro,0.7,C3,0.119496776657812,0.116249142072752,11656
astro,0.7,CD44,0.514665989931379,0.331331503088538,11656
astro,0.7,LAMP1,0.242573299522556,0.32987302676733,11656
astro,0.7,LAMP2,0.451408701352443,0.532172271791352,11656
astro,0.7,CTSB,0.173077308519775,0.250514756348662,11656
astro,0.7,CTSD,0.340452040156366,0.40863074811256,11656
astro,0.7,SLC40A1,0.0278620605683625,0.0441832532601235,11656
astro,0.7,TFRC,0.236901989266757,0.32455387783116,11656
astro,0.7,FTH1,1.21367787371991,0.750772134522992,11656
astro,0.7,FTL,0.871896968190555,0.650480439258751,11656
astro,0.7,CP,0.0999203135803413,0.100549073438572,11656
astro,0.7,LDHA,0.0928698572341043,0.136324639670556,11656
astro,0.7,HK2,0.0295297812731833,0.037920384351407,11656
astro,0.7,PFKFB3,1.04325984218577,0.787663006177076,11656
astro,0.7,NEFL,0.063525401895729,0.085706932052162,11656
astro,0.7,PTGDS,1.758461691916,0.952385037748799,11656
astro,0.7,MOG,0.0165105687598803,0.0240219629375429,11656
astro,0.7,MAG,0.00838170142802132,0.0119251887439945,11656
astro,0.7,SNAP25,0.421599510893502,0.468170899107756,11656
astro,0.7,SYT1,0.843289674861215,0.769732326698696,11656
astro,0.7,SLC17A7,0.0908281985777715,0.124914207275223,11656
astro,0.7,RBFOX3,0.129610735574046,0.17767673301304,11656
astro,0.7,ATP6V1A,0.4066516944989,0.478294440631434,11656
astro,0.7,ATP6V1B2,0.121796383799227,0.183081674673988,11656
astro,0.7,ATP6V0A1,0.500159712443122,0.566231983527797,11656
astro,0.7,ATP6V0C,0.211892735218155,0.277367879203844,11656
astro,0.7,ATP6V0D1,0.117817897477437,0.176389842141386,11656
astro,0.7,ATP6V1E1,0.173497544742185,0.250514756348662,11656
astro,0.8,CA2,0.135881915902928,0.209030337397221,14108
astro,0.8,CA4,0.00681642688301727,0.00992344768925432,14108
astro,0.8,CA12,0.124422270216329,0.149773178338531,14108
astro,0.8,CA14,0.00340388547222473,0.00623759569038843,14108
astro,0.8,CA8,0.859171824255678,0.689041678480295,14108
astro,0.8,CA11,0.0945743466567682,0.135171533881486,14108
astro,0.8,CA9,0.0015313827939942,0.00170116246101503,14108
astro,0.8,BSG,0.490631544637738,0.554366316983272,14108
astro,0.8,EMB,0.0101851925163033,0.0148142897646725,14108
astro,0.8,SLC4A4,2.24340084273297,0.957400056705415,14108
astro,0.8,SLC4A2,0.0467577675594583,0.0761979018996314,14108
astro,0.8,SLC4A10,0.237593061269293,0.305925715905869,14108
astro,0.8,SLC9A1,0.0631443863829135,0.0921462999716473,14108
astro,0.8,SLC9A6,0.172758738324152,0.252835270768358,14108
astro,0.8,SLC9A7,0.0925117341370058,0.131202154805784,14108
astro,0.8,SLC16A1,0.058058628863659,0.0888857385880352,14108
astro,0.8,SLC16A3,0.0334040448555434,0.0513892826764956,14108
astro,0.8,SLC16A7,0.069915764534443,0.0959739155089311,14108
astro,0.8,NDUFA1,0.0762184320029842,0.120995180039694,14108
astro,0.8,NDUFA2,0.0644361461017113,0.097958605046782,14108
astro,0.8,NDUFA4,0.188021375834393,0.261199319535016,14108
astro,0.8,NDUFA8,0.0758426943067741,0.122200170116246,14108
astro,0.8,NDUFA9,0.19757472574056,0.286362347604196,14108
astro,0.8,NDUFA10,0.402490373325899,0.498086192231358,14108
astro,0.8,NDUFA13,0.177464760467093,0.248865891692657,14108
astro,0.8,NDUFB1,0.14489187997839,0.218882903317267,14108
astro,0.8,NDUFB2,0.112818200227802,0.174156506946413,14108
astro,0.8,NDUFB4,0.193088996968477,0.279841224836972,14108
astro,0.8,NDUFB6,0.160389192492142,0.230720158775163,14108
astro,0.8,NDUFB8,0.169307183547182,0.251134108307343,14108
astro,0.8,NDUFB9,0.0719650816631817,0.112347604196201,14108
astro,0.8,NDUFB10,0.0521893083176787,0.0800963992061242,14108
astro,0.8,NDUFS1,0.587216513795947,0.636092996881202,14108
astro,0.8,NDUFS2,0.187769637966219,0.272611284377658,14108
astro,0.8,NDUFS3,0.0731561971711629,0.116742273887156,14108
astro,0.8,NDUFS4,0.393123641739005,0.481996030620924,14108
astro,0.8,NDUFS7,0.122054453449113,0.180748511482847,14108
astro,0.8,NDUFS8,0.116717948334047,0.172667989793025,14108
astro,0.8,NDUFV1,0.244184417821739,0.34533597958605,14108
astro,0.8,NDUFV2,0.214122732540924,0.315211227672243,14108
astro,0.8,SDHA,0.239076180797073,0.34604479727814,14108
astro,0.8,SDHB,0.259901372806138,0.346895378508648,14108
astro,0.8,UQCRC1,0.123128988618744,0.184717890558548,14108
astro,0.8,UQCRC2,0.538475453067779,0.605259427275305,14108
astro,0.8,CYC1,0.0626488821720955,0.0959739155089311,14108
astro,0.8,COX4I1,0.136784192456684,0.20024099801531,14108
astro,0.8,COX5A,0.0918770149605772,0.141550893110292,14108
astro,0.8,COX6C,0.155946373098763,0.234902183158492,14108
astro,0.8,COX7C,0.200567327667929,0.276793308760987,14108
astro,0.8,ATP5F1A,0.24519560581455,0.347533314431528,14108
astro,0.8,ATP5F1B,0.155513450996604,0.231358094698044,14108
astro,0.8,ATP5MC1,0.0556069051174577,0.0854834136660051,14108
astro,0.8,ATP5PB,0.145879431325348,0.226609016161043,14108
astro,0.8,PPARGC1A,0.589959191793731,0.585696058973632,14108
astro,0.8,PPARGC1B,0.0217785782095965,0.0311170966827332,14108
astro,0.8,PPRC1,0.0474353199220005,0.0776864190530196,14108
astro,0.8,TFAM,0.0601536015448403,0.0985965409696626,14108
astro,0.8,NRF1,0.955366689699134,0.788701445988092,14108
astro,0.8,NFE2L2,0.761568029434638,0.716260277856535,14108
astro,0.8,ESRRA,0.188230992073306,0.258364048766657,14108
astro,0.8,MFN1,0.284051329579795,0.396654380493337,14108
astro,0.8,MFN2,0.127031194198764,0.194924865324639,14108
astro,0.8,OPA1,0.564877656189424,0.613481712503544,14108
astro,0.8,DNM1L,0.566425614907117,0.614048766657216,14108
astro,0.8,FIS1,0.0679855780205461,0.106039126736603,14108
astro,0.8,SLC1A2,3.78987243464827,0.992557414233059,14108
astro,0.8,SLC1A3,3.11570844427279,0.991210660618089,14108
astro,0.8,GLUL,1.44689084897053,0.857244116813156,14108
astro,0.8,SLC38A1,0.227591779995588,0.184363481712504,14108
astro,0.8,SLC38A3,0.0927295786908743,0.143606464417352,14108
astro,0.8,ATP1A1,0.096678770774395,0.138006804649844,14108
astro,0.8,ATP1A2,2.12122492069711,0.972497873546924,14108
astro,0.8,ATP1A3,0.056280050323212,0.0796711085908704,14108
astro,0.8,ATP1B1,0.118360563193751,0.157003118797845,14108
astro,0.8,ATP1B2,0.991337761771951,0.783243549759002,14108
astro,0.8,AQP4,1.74308737486111,0.929685284944712,14108
astro,0.8,KCNJ10,0.517629435493473,0.56202154805784,14108
astro,0.8,GJA1,1.41929694210837,0.871633115962574,14108
astro,0.8,GJB6,0.296295368242803,0.376736603345619,14108
astro,0.8,SLC2A1,0.109239829005476,0.160972497873547,14108
astro,0.8,SLC2A3,0.0433488251941887,0.0560674794442869,14108
astro,0.8,GYS1,0.29799133561803,0.376169549191948,14108
astro,0.8,PYGB,0.432891196059816,0.515806634533598,14108
astro,0.8,PYGM,0.108070317817404,0.164729231641622,14108
astro,0.8,CPT1A,0.542517721604399,0.590303373972214,14108
astro,0.8,ACADVL,0.443191261929841,0.5245250921463,14108
astro,0.8,HADHA,0.373753388885748,0.474269917777148,14108
astro,0.8,ACSL3,0.946235698784314,0.767862205840658,14108
astro,0.8,BDH1,0.282465854997139,0.371562234193366,14108
astro,0.8,OXCT1,0.247845793279695,0.309824213212362,14108
astro,0.8,SLC16A6,0.0226470629423477,0.033243549759002,14108
astro,0.8,RPL13A,0.145395280190735,0.208108874397505,14108
astro,0.8,RPS6,0.115015618231645,0.166997448256308,14108
astro,0.8,EIF4E,0.242573316293252,0.34193365466402,14108
astro,0.8,EEF2,0.0971406641476192,0.149773178338531,14108
astro,0.8,HSPA5,0.204306363089838,0.273036574992912,14108
astro,0.8,DDIT3,0.05255554810479,0.0811596257442586,14108
astro,0.8,ATF4,0.0860141046664213,0.138432095265098,14108
astro,0.8,EIF2AK3,0.143433405108051,0.201445988091863,14108
astro,0.8,GFAP,1.48031963511925,0.838176920895945,14108
astro,0.8,VIM,0.383036039139086,0.439254323787922,14108
astro,0.8,SERPINA3,0.194989146388537,0.183087609866742,14108
astro,0.8,CLU,2.18617258155003,0.975616671392118,14108
astro,0.8,C3,0.0917776089910495,0.0963283243549759,14108
astro,0.8,CD44,0.440055350654476,0.305925715905869,14108
astro,0.8,LAMP1,0.234049171080476,0.328040827899064,14108
astro,0.8,LAMP2,0.445877500625155,0.530550042529062,14108
astro,0.8,CTSB,0.178978106241989,0.257796994612986,14108
astro,0.8,CTSD,0.336428169846569,0.410972497873547,14108
astro,0.8,SLC40A1,0.0272105374054781,0.0460731499858237,14108
astro,0.8,TFRC,0.220191181150693,0.305358661752197,14108
astro,0.8,FTH1,1.17841604846942,0.757017295151687,14108
astro,0.8,FTL,0.75928648926586,0.619506662886306,14108
astro,0.8,CP,0.0982488332955821,0.101573575276439,14108
astro,0.8,LDHA,0.0708354652225802,0.105755599659768,14108
astro,0.8,HK2,0.0345611773021488,0.0398355542954352,14108
astro,0.8,PFKFB3,0.925034181914351,0.752339098383896,14108
astro,0.8,NEFL,0.0535190393258365,0.0723702863623476,14108
astro,0.8,PTGDS,1.74851544853696,0.942302239863907,14108
astro,0.8,MOG,0.0145161305629467,0.0202013042245534,14108
astro,0.8,MAG,0.00872971476611518,0.0114119648426425,14108
astro,0.8,SNAP25,0.37251187113584,0.433087609866742,14108
astro,0.8,SYT1,0.836348495115285,0.751417635384179,14108
astro,0.8,SLC17A7,0.080214977636194,0.10696058973632,14108
astro,0.8,RBFOX3,0.136092920204863,0.183583782251205,14108
astro,0.8,ATP6V1A,0.403202638948964,0.483484547774313,14108
astro,0.8,ATP6V1B2,0.113214682429598,0.172597108023816,14108
astro,0.8,ATP6V0A1,0.520306624195411,0.583002551743692,14108
astro,0.8,ATP6V0C,0.17937968746736,0.245676212078253,14108
astro,0.8,ATP6V0D1,0.114070195350865,0.175148851715339,14108
astro,0.8,ATP6V1E1,0.164456899603974,0.240856251772044,14108
astro,0.9,CA2,0.118799317283873,0.154606219122348,13764
astro,0.9,CA4,0.00725682147563942,0.00944492879976751,13764
astro,0.9,CA12,0.10464210747867,0.106873002034292,13764
astro,0.9,CA14,0.00276518014195491,0.00370531822144725,13764
astro,0.9,CA8,0.785408812855711,0.618206916594013,13764
astro,0.9,CA11,0.112209107575246,0.137968613775065,13764
astro,0.9,CA9,0.00175873504340458,0.002324905550712,13764
astro,0.9,BSG,0.520357652558937,0.503560011624528,13764
astro,0.9,EMB,0.0109465003329735,0.0138041267073525,13764
astro,0.9,SLC4A4,1.92432670574771,0.921171171171171,13764
astro,0.9,SLC4A2,0.0577551095906956,0.0806451612903226,13764
astro,0.9,SLC4A10,0.218574407241158,0.249564080209242,13764
astro,0.9,SLC9A1,0.0639271086963655,0.0818802673641383,13764
astro,0.9,SLC9A6,0.156219231153697,0.19761697181052,13764
astro,0.9,SLC9A7,0.0739384792849045,0.0953937808776518,13764
astro,0.9,SLC16A1,0.0531966825343606,0.0693839000290613,13764
astro,0.9,SLC16A3,0.0220122561215991,0.0317494914269108,13764
astro,0.9,SLC16A7,0.0563848296511107,0.0717088055797733,13764
astro,0.9,NDUFA1,0.0545663976697027,0.0770851496657948,13764
astro,0.9,NDUFA2,0.0520213485225295,0.0698198198198198,13764
astro,0.9,NDUFA4,0.143735309641086,0.181560592850915,13764
astro,0.9,NDUFA8,0.0606649632575691,0.0864574251671026,13764
astro,0.9,NDUFA9,0.162192096750219,0.209604766056379,13764
astro,0.9,NDUFA10,0.380088384155226,0.419209532112758,13764
astro,0.9,NDUFA13,0.194861631715966,0.234161580935775,13764
astro,0.9,NDUFB1,0.13765712358995,0.181052019761697,13764
astro,0.9,NDUFB2,0.10907038769895,0.143780877651845,13764
astro,0.9,NDUFB4,0.133520712670555,0.178727114210985,13764
astro,0.9,NDUFB6,0.150889077046017,0.182650392327812,13764
astro,0.9,NDUFB8,0.154022950057641,0.201685556524266,13764
astro,0.9,NDUFB9,0.0531193428683406,0.0750508573089218,13764
astro,0.9,NDUFB10,0.0548042606240838,0.0703283929090381,13764
astro,0.9,NDUFS1,0.566554051833387,0.561827956989247,13764
astro,0.9,NDUFS2,0.203136450007224,0.24709386806161,13764
astro,0.9,NDUFS3,0.0587736339944631,0.0823161871548968,13764
astro,0.9,NDUFS4,0.334703056746377,0.379177564661436,13764
astro,0.9,NDUFS7,0.134006991302576,0.16564952048823,13764
astro,0.9,NDUFS8,0.122994438139627,0.155841325196164,13764
astro,0.9,NDUFV1,0.219843807533076,0.272813135716362,13764
astro,0.9,NDUFV2,0.167652191211537,0.219630921243824,13764
astro,0.9,SDHA,0.222470820678706,0.279424585876199,13764
astro,0.9,SDHB,0.253234350677624,0.293156059285092,13764
astro,0.9,UQCRC1,0.126088475067449,0.161145015983726,13764
astro,0.9,UQCRC2,0.406708257747568,0.452339436210404,13764
astro,0.9,CYC1,0.056700727290944,0.0757773902935193,13764
astro,0.9,COX4I1,0.114487613169425,0.149302528334786,13764
astro,0.9,COX5A,0.0853362375233226,0.112176692821854,13764
astro,0.9,COX6C,0.124803578785835,0.16572217378669,13764
astro,0.9,COX7C,0.139757219368559,0.182287125835513,13764
astro,0.9,ATP5F1A,0.193022548618643,0.245713455390875,13764
astro,0.9,ATP5F1B,0.142692631274566,0.181996512641674,13764
astro,0.9,ATP5MC1,0.0371381674320225,0.0529642545771578,13764
astro,0.9,ATP5PB,0.108988655776011,0.14828538215635,13764
astro,0.9,PPARGC1A,0.513712342684524,0.474208079046789,13764
astro,0.9,PPARGC1B,0.0197540249289018,0.0246294681778553,13764
astro,0.9,PPRC1,0.052235963653943,0.0706916594013368,13764
astro,0.9,TFAM,0.0454290602913744,0.0652426620168556,13764
astro,0.9,NRF1,0.933651628318619,0.734815460621912,13764
astro,0.9,NFE2L2,0.733674463225689,0.648648648648649,13764
astro,0.9,ESRRA,0.180466384361413,0.211566405114792,13764
astro,0.9,MFN1,0.225268992434335,0.288288288288288,13764
astro,0.9,MFN2,0.115022768118992,0.151845393780878,13764
astro,0.9,OPA1,0.485399413958898,0.494841615809358,13764
astro,0.9,DNM1L,0.443626081103833,0.467741935483871,13764
astro,0.9,FIS1,0.0611986584454749,0.0826068003487358,13764
astro,0.9,SLC1A2,3.42840833113191,0.989174658529497,13764
astro,0.9,SLC1A3,2.91957730555242,0.987794245858762,13764
astro,0.9,GLUL,1.4719672634888,0.821999418773612,13764
astro,0.9,SLC38A1,0.27266375913207,0.204446381865737,13764
astro,0.9,SLC38A3,0.123848812791566,0.147922115664051,13764
astro,0.9,ATP1A1,0.0929290552251961,0.117335077012496,13764
astro,0.9,ATP1A2,2.03049550145276,0.945146759662889,13764
astro,0.9,ATP1A3,0.0672432993682395,0.0832606800348736,13764
astro,0.9,ATP1B1,0.111708245992842,0.133536762569021,13764
astro,0.9,ATP1B2,0.931688202650602,0.702848009299622,13764
astro,0.9,AQP4,1.5408640328196,0.862903225806452,13764
astro,0.9,KCNJ10,0.63119934723041,0.567640220866027,13764
astro,0.9,GJA1,1.36908049379665,0.822362685265911,13764
astro,0.9,GJB6,0.20242345991981,0.236413833188027,13764
astro,0.9,SLC2A1,0.130851697854414,0.15395233943621,13764
astro,0.9,SLC2A3,0.0454485125101364,0.0547079337401918,13764
astro,0.9,GYS1,0.307066278122376,0.331153734379541,13764
astro,0.9,PYGB,0.386859781826843,0.419136878814298,13764
astro,0.9,PYGM,0.10678390290429,0.134989828538216,13764
astro,0.9,CPT1A,0.506970076556774,0.503342051729149,13764
astro,0.9,ACADVL,0.448167472539713,0.476242371403662,13764
astro,0.9,HADHA,0.337046231869884,0.384699215344377,13764
astro,0.9,ACSL3,0.825951405208416,0.667901772740482,13764
astro,0.9,BDH1,0.214216419692408,0.257701249636734,13764
astro,0.9,OXCT1,0.248402159107837,0.269834350479512,13764
astro,0.9,SLC16A6,0.0101360353280971,0.013658820110433,13764
astro,0.9,RPL13A,0.119787386908967,0.150755594303981,13764
astro,0.9,RPS6,0.0826434469474623,0.112975879104911,13764
astro,0.9,EIF4E,0.228810214418869,0.277390293519326,13764
astro,0.9,EEF2,0.0955819134020989,0.123437954083115,13764
astro,0.9,HSPA5,0.15834119924948,0.187954083115373,13764
astro,0.9,DDIT3,0.0499169451423559,0.0688026736413833,13764
astro,0.9,ATF4,0.103918264889849,0.138840453356582,13764
astro,0.9,EIF2AK3,0.117486801580898,0.145742516710259,13764
astro,0.9,GFAP,1.92329126831596,0.88658820110433,13764
astro,0.9,VIM,0.352788046223242,0.372493461203139,13764
astro,0.9,SERPINA3,0.319900720035162,0.25581226387678,13764
astro,0.9,CLU,2.21901589876706,0.971592560302238,13764
astro,0.9,C3,0.142328449618856,0.13077593722755,13764
astro,0.9,CD44,0.72637981389977,0.43323161871549,13764
astro,0.9,LAMP1,0.243948337749465,0.287271142109852,13764
astro,0.9,LAMP2,0.4469927562267,0.471229293809939,13764
astro,0.9,CTSB,0.181794608305773,0.221592560302238,13764
astro,0.9,CTSD,0.449094588813377,0.439915722173787,13764
astro,0.9,SLC40A1,0.0180053230179098,0.0270996803254868,13764
astro,0.9,TFRC,0.203138025085079,0.233435047951177,13764
astro,0.9,FTH1,0.691044143687168,0.521287416448707,13764
astro,0.9,FTL,0.578752744719884,0.498474280732345,13764
astro,0.9,CP,0.236096989379671,0.196527172333624,13764
astro,0.9,LDHA,0.068861054469293,0.0921970357454228,13764
astro,0.9,HK2,0.0343600576572971,0.036326649229875,13764
astro,0.9,PFKFB3,1.1300183119503,0.783202557396106,13764
astro,0.9,NEFL,0.0407514032956231,0.0506393490264458,13764
astro,0.9,PTGDS,1.51341837772326,0.871331008427783,13764
astro,0.9,MOG,0.0136775102198938,0.0176547515257193,13764
astro,0.9,MAG,0.0091053786595801,0.0120604475443185,13764
astro,0.9,SNAP25,0.426721851587451,0.403225806451613,13764
astro,0.9,SYT1,0.762625313693356,0.641673931996513,13764
astro,0.9,SLC17A7,0.0796410263924968,0.0991717523975588,13764
astro,0.9,RBFOX3,0.157218211095275,0.179816913687881,13764
astro,0.9,ATP6V1A,0.350342708559957,0.382446963092124,13764
astro,0.9,ATP6V1B2,0.103500332132272,0.141964545190352,13764
astro,0.9,ATP6V0A1,0.5066021810941,0.508282476024411,13764
astro,0.9,ATP6V0C,0.202446926626588,0.237430979366463,13764
astro,0.9,ATP6V0D1,0.125337197610162,0.158384190642255,13764
astro,0.9,ATP6V1E1,0.156927609624029,0.197108398721302,13764
exc,0.1,CA2,0.0084171710133496,0.0264405975812189,8434
exc,0.1,CA4,0.0977009958712367,0.258121887597818,8434
exc,0.1,CA12,0.0462975991796636,0.138249940716149,8434
exc,0.1,CA14,0.00218083239378015,0.00924828076831871,8434
exc,0.1,CA8,0.109533103189979,0.244130898743182,8434
exc,0.1,CA11,0.477263826085796,0.779108370879772,8434
exc,0.1,CA9,0.00117218442824827,0.00414986957552763,8434
exc,0.1,BSG,0.413262886532536,0.745553711169078,8434
exc,0.1,EMB,0.147603205158928,0.352738913919848,8434
exc,0.1,SLC4A4,0.208972669302629,0.344676310173109,8434
exc,0.1,SLC4A2,0.0054144546860431,0.0202750770690064,8434
exc,0.1,SLC4A10,1.98872986611863,0.99371591178563,8434
exc,0.1,SLC9A1,0.197100897945723,0.471188048375623,8434
exc,0.1,SLC9A6,0.411337309953144,0.745790846573394,8434
exc,0.1,SLC9A7,0.300672024113005,0.600663979132085,8434
exc,0.1,SLC16A1,0.12074059301372,0.324638368508418,8434
exc,0.1,SLC16A3,0.0431083856216321,0.163623428977946,8434
exc,0.1,SLC16A7,0.678495919252844,0.824756936210576,8434
exc,0.1,NDUFA1,0.192181096091347,0.444036044581456,8434
exc,0.1,NDUFA2,0.0906878632562001,0.26262746027982,8434
exc,0.1,NDUFA4,0.49075283418006,0.728124258951862,8434
exc,0.1,NDUFA8,0.126533754275065,0.352383210813374,8434
exc,0.1,NDUFA9,0.214571002617705,0.537467393881907,8434
exc,0.1,NDUFA10,0.842365023708963,0.915105525254921,8434
exc,0.1,NDUFA13,0.248839909073433,0.562603746739388,8434
exc,0.1,NDUFB1,0.204809671770079,0.512449608726583,8434
exc,0.1,NDUFB2,0.232916551329176,0.550509841119279,8434
exc,0.1,NDUFB4,0.252173790563307,0.573156272231444,8434
exc,0.1,NDUFB6,0.271286388412595,0.597699786578136,8434
exc,0.1,NDUFB8,0.386739479127864,0.719468816694333,8434
exc,0.1,NDUFB9,0.137272739933991,0.381669433246384,8434
exc,0.1,NDUFB10,0.103502678788027,0.286222433009248,8434
exc,0.1,NDUFS1,0.831634686453693,0.922219587384397,8434
exc,0.1,NDUFS2,0.230041331265061,0.55679392933365,8434
exc,0.1,NDUFS3,0.106720576965631,0.324638368508418,8434
exc,0.1,NDUFS4,0.387503694382492,0.696229547071378,8434
exc,0.1,NDUFS7,0.148826227352228,0.420915342660659,8434
exc,0.1,NDUFS8,0.11523503086885,0.341237846810529,8434
exc,0.1,NDUFV1,0.234315977258467,0.576120464785392,8434
exc,0.1,NDUFV2,0.334178858454975,0.676191605406687,8434
exc,0.1,SDHA,0.3732034910063,0.718638842779227,8434
exc,0.1,SDHB,0.242534510913211,0.572326298316339,8434
exc,0.1,UQCRC1,0.16560969753679,0.444273179985772,8434
exc,0.1,UQCRC2,0.431323835736228,0.770690064026559,8434
exc,0.1,CYC1,0.07230602434174,0.225752904908703,8434
exc,0.1,COX4I1,0.285856113800254,0.587384396490396,8434
exc,0.1,COX5A,0.182551187196981,0.457789898031776,8434
exc,0.1,COX6C,0.462829648653778,0.764761678918663,8434
exc,0.1,COX7C,0.335870412546494,0.623310410244249,8434
exc,0.1,ATP5F1A,0.401884679524204,0.739981029167655,8434
exc,0.1,ATP5F1B,0.379765206511966,0.717453165757648,8434
exc,0.1,ATP5MC1,0.11629630489293,0.330329618211999,8434
exc,0.1,ATP5PB,0.165490956817115,0.448541617263457,8434
exc,0.1,PPARGC1A,0.543334458192039,0.728479962058335,8434
exc,0.1,PPARGC1B,0.384150485939463,0.678562959449846,8434
exc,0.1,PPRC1,0.0466057101049489,0.174413089874318,8434
exc,0.1,TFAM,0.120654656253852,0.348944747450794,8434
exc,0.1,NRF1,0.676566853046855,0.843609200853688,8434
exc,0.1,NFE2L2,0.257041762584945,0.550628408821437,8434
exc,0.1,ESRRA,0.108522110048197,0.327602561062367,8434
exc,0.1,MFN1,0.463484710640278,0.762153189471188,8434
exc,0.1,MFN2,0.204423697355703,0.530234764050273,8434
exc,0.1,OPA1,0.828392782013352,0.913919848233341,8434
exc,0.1,DNM1L,0.945008953713907,0.932653545174295,8434
exc,0.1,FIS1,0.132442487262848,0.383092245672279,8434
exc,0.1,SLC1A2,0.449978397573895,0.647261086080152,8434
exc,0.1,SLC1A3,0.0357589493268243,0.099596869812663,8434
exc,0.1,GLUL,0.0552440301261406,0.137538534503201,8434
exc,0.1,SLC38A1,0.818930805124341,0.887953521460754,8434
exc,0.1,SLC38A3,0.000517665253294456,0.00237135404315864,8434
exc,0.1,ATP1A1,0.744721747154778,0.887479250652122,8434
exc,0.1,ATP1A2,0.0623432492979979,0.203106473796538,8434
exc,0.1,ATP1A3,0.603814274287313,0.85724448660185,8434
exc,0.1,ATP1B1,1.3063276920071,0.975456485653308,8434
exc,0.1,ATP1B2,0.0774648333838943,0.194451031539009,8434
exc,0.1,AQP4,0.0254479694956035,0.0877400995968698,8434
exc,0.1,KCNJ10,0.0129335286320563,0.0463599715437515,8434
exc,0.1,GJA1,0.00290182568813094,0.00936684847047664,8434
exc,0.1,GJB6,0.000893808852723065,0.0029641925539483,8434
exc,0.1,SLC2A1,0.0462145960465946,0.170144652596633,8434
exc,0.1,SLC2A3,0.701509755754961,0.797723500118568,8434
exc,0.1,GYS1,0.183636346215306,0.454232866967038,8434
exc,0.1,PYGB,0.287825361228569,0.620583353094617,8434
exc,0.1,PYGM,0.00122744555326472,0.0040313018733697,8434
exc,0.1,CPT1A,0.0338581134334387,0.117382025136353,8434
exc,0.1,ACADVL,0.106100744310522,0.316338629357363,8434
exc,0.1,HADHA,0.183434652291346,0.477235001185677,8434
exc,0.1,ACSL3,0.95564470513383,0.928740811003083,8434
exc,0.1,BDH1,0.372964879502744,0.688996917239744,8434
exc,0.1,OXCT1,0.677840866191758,0.839340763576002,8434
exc,0.1,SLC16A6,0.02483989734124,0.0781361157220773,8434
exc,0.1,RPL13A,0.309168421817276,0.60896371828314,8434
exc,0.1,RPS6,0.177100002944544,0.427436566279346,8434
exc,0.1,EIF4E,0.500270248879033,0.808276025610624,8434
exc,0.1,EEF2,0.269606494966904,0.595921271045767,8434
exc,0.1,HSPA5,0.314337061157148,0.614417832582405,8434
exc,0.1,DDIT3,0.0569816768135834,0.168247569362106,8434
exc,0.1,ATF4,0.165875630858709,0.434906331515295,8434
exc,0.1,EIF2AK3,0.549495970105493,0.759781835428029,8434
exc,0.1,GFAP,0.0185916902983722,0.0610623666113351,8434
exc,0.1,VIM,0.00618409866479044,0.0205122124733223,8434
exc,0.1,SERPINA3,0.00505191659899806,0.0147023950675836,8434
exc,0.1,CLU,1.11409608311094,0.943680341474982,8434
exc,0.1,C3,0.00831810769222841,0.0288119516243775,8434
exc,0.1,CD44,0.010287287879805,0.0340289305193265,8434
exc,0.1,LAMP1,0.250329472891366,0.587028693383922,8434
exc,0.1,LAMP2,0.219228072167468,0.541024424946644,8434
exc,0.1,CTSB,0.350412850353212,0.676310173108845,8434
exc,0.1,CTSD,0.113836893408551,0.330685321318473,8434
exc,0.1,SLC40A1,0.000865917538003614,0.00320132795826417,8434
exc,0.1,TFRC,0.254636521847158,0.567939293336495,8434
exc,0.1,FTH1,0.838036007873532,0.907161489210339,8434
exc,0.1,FTL,0.409006747655007,0.673108845150581,8434
exc,0.1,CP,0.0125363618232626,0.0515769504387005,8434
exc,0.1,LDHA,0.207156000559046,0.472610860801518,8434
exc,0.1,HK2,0.00625026907894618,0.0201565093668485,8434
exc,0.1,PFKFB3,0.636884096948943,0.829855347403367,8434
exc,0.1,NEFL,0.599588428454141,0.788356651648091,8434
exc,0.1,PTGDS,0.0803829548438317,0.23511975337918,8434
exc,0.1,MOG,0.010789133282809,0.0379416646905383,8434
exc,0.1,MAG,0.00697400357387827,0.0198008062603747,8434
exc,0.1,SNAP25,2.66804372200701,0.999170026084894,8434
exc,0.1,SYT1,3.33169301407213,1,8434
exc,0.1,SLC17A7,0.706732009610178,0.88475219350249,8434
exc,0.1,RBFOX3,1.50994913626479,0.979724922930994,8434
exc,0.1,ATP6V1A,0.737991103954138,0.890443443206071,8434
exc,0.1,ATP6V1B2,0.753899026486315,0.891154849419018,8434
exc,0.1,ATP6V0A1,0.942259443037341,0.941783258240455,8434
exc,0.1,ATP6V0C,0.60174132169498,0.820132795826417,8434
exc,0.1,ATP6V0D1,0.259800271349519,0.597818354280294,8434
exc,0.1,ATP6V1E1,0.425961259885022,0.754683424235238,8434
exc,0.2,CA2,0.00565094019240229,0.0206223479490806,70700
exc,0.2,CA4,0.130639685162144,0.342376237623762,70700
exc,0.2,CA12,0.00816999541424331,0.0296039603960396,70700
exc,0.2,CA14,0.00114839272850221,0.00478076379066478,70700
exc,0.2,CA8,0.0530224203651895,0.149151343705799,70700
exc,0.2,CA11,0.399277002141407,0.75966053748232,70700
exc,0.2,CA9,0.00115649960271203,0.00458274398868458,70700
exc,0.2,BSG,0.301812812264224,0.672192362093352,70700
exc,0.2,EMB,0.188410987069849,0.448345120226308,70700
exc,0.2,SLC4A4,0.389524945832468,0.546831683168317,70700
exc,0.2,SLC4A2,0.00387512541111279,0.0162376237623762,70700
exc,0.2,SLC4A10,2.20913712726666,0.998330975954738,70700
exc,0.2,SLC9A1,0.186380317875802,0.501725601131542,70700
exc,0.2,SLC9A6,0.353020401365549,0.720495049504951,70700
exc,0.2,SLC9A7,0.327313682157942,0.667623762376238,70700
exc,0.2,SLC16A1,0.0848223593744121,0.280947666195191,70700
exc,0.2,SLC16A3,0.0392550096570486,0.14035360678925,70700
exc,0.2,SLC16A7,0.831890322521877,0.912772277227723,70700
exc,0.2,NDUFA1,0.115423072377006,0.33019801980198,70700
exc,0.2,NDUFA2,0.0590794208426624,0.20045261669024,70700
exc,0.2,NDUFA4,0.290258257546722,0.602362093352192,70700
exc,0.2,NDUFA8,0.113849247789519,0.361640735502122,70700
exc,0.2,NDUFA9,0.232598581211707,0.593790664780764,70700
exc,0.2,NDUFA10,0.790587898933103,0.924455445544555,70700
exc,0.2,NDUFA13,0.191874710931963,0.498401697312588,70700
exc,0.2,NDUFB1,0.176587443628429,0.494045261669024,70700
exc,0.2,NDUFB2,0.154975004512422,0.434908062234795,70700
exc,0.2,NDUFB4,0.146449646621263,0.426364922206506,70700
exc,0.2,NDUFB6,0.213931380155295,0.558557284299859,70700
exc,0.2,NDUFB8,0.312977039989722,0.671980198019802,70700
exc,0.2,NDUFB9,0.0877070286582834,0.292871287128713,70700
exc,0.2,NDUFB10,0.0658932088241455,0.21001414427157,70700
exc,0.2,NDUFS1,0.73166801144423,0.918161244695898,70700
exc,0.2,NDUFS2,0.183094385967365,0.502135785007072,70700
exc,0.2,NDUFS3,0.0754775433994229,0.257185289957567,70700
exc,0.2,NDUFS4,0.420517977165345,0.772121640735502,70700
exc,0.2,NDUFS7,0.118591106609142,0.379123055162659,70700
exc,0.2,NDUFS8,0.112410700420205,0.362263083451202,70700
exc,0.2,NDUFV1,0.240790086215549,0.607468175388967,70700
exc,0.2,NDUFV2,0.280834940297548,0.652913719943423,70700
exc,0.2,SDHA,0.300099639958601,0.681131541725601,70700
exc,0.2,SDHB,0.245978878122956,0.60966053748232,70700
exc,0.2,UQCRC1,0.134195290898807,0.410664780763791,70700
exc,0.2,UQCRC2,0.465386909689475,0.817468175388967,70700
exc,0.2,CYC1,0.0479710071766025,0.163182461103253,70700
exc,0.2,COX4I1,0.18153374299378,0.471499292786422,70700
exc,0.2,COX5A,0.126671736835063,0.388995756718529,70700
exc,0.2,COX6C,0.276973246685591,0.637397454031117,70700
exc,0.2,COX7C,0.222470609122437,0.502927864214993,70700
exc,0.2,ATP5F1A,0.298038338497281,0.670495049504951,70700
exc,0.2,ATP5F1B,0.248559657213406,0.588557284299859,70700
exc,0.2,ATP5MC1,0.103925005053888,0.323833097595474,70700
exc,0.2,ATP5PB,0.152738367931303,0.457411598302687,70700
exc,0.2,PPARGC1A,0.476104241689875,0.722234794908062,70700
exc,0.2,PPARGC1B,0.408102132079298,0.754342291371994,70700
exc,0.2,PPRC1,0.0565763223261337,0.213323903818953,70700
exc,0.2,TFAM,0.093167026394496,0.313663366336634,70700
exc,0.2,NRF1,0.811069752567749,0.919420084865629,70700
exc,0.2,NFE2L2,0.206559797054291,0.513960396039604,70700
exc,0.2,ESRRA,0.114377097559795,0.352263083451202,70700
exc,0.2,MFN1,0.380932949385072,0.733451202263083,70700
exc,0.2,MFN2,0.188797859352772,0.525869872701556,70700
exc,0.2,OPA1,0.769850360317396,0.915544554455446,70700
exc,0.2,DNM1L,0.807123618710159,0.928953323903819,70700
exc,0.2,FIS1,0.114895175419579,0.357864214992928,70700
exc,0.2,SLC1A2,0.420551137105421,0.695063649222065,70700
exc,0.2,SLC1A3,0.036848205800894,0.114413012729844,70700
exc,0.2,GLUL,0.037551404032382,0.120975954738331,70700
exc,0.2,SLC38A1,0.606078039888277,0.851499292786422,70700
exc,0.2,SLC38A3,0.000800269998694326,0.00297029702970297,70700
exc,0.2,ATP1A1,0.599481372305178,0.85988684582744,70700
exc,0.2,ATP1A2,0.097313858832284,0.306902404526167,70700
exc,0.2,ATP1A3,0.457164265336587,0.795615275813296,70700
exc,0.2,ATP1B1,0.926749594287033,0.943394625176803,70700
exc,0.2,ATP1B2,0.0499984712567829,0.133818953323904,70700
exc,0.2,AQP4,0.0507258187954958,0.18016973125884,70700
exc,0.2,KCNJ10,0.00774025847819203,0.02995756718529,70700
exc,0.2,GJA1,0.007124164462079,0.0258557284299859,70700
exc,0.2,GJB6,0.00137440319103222,0.00544554455445545,70700
exc,0.2,SLC2A1,0.0339658360491748,0.131301272984441,70700
exc,0.2,SLC2A3,0.16829261405512,0.473055162659123,70700
exc,0.2,GYS1,0.221238517193163,0.563338048090523,70700
exc,0.2,PYGB,0.338353216948707,0.711329561527581,70700
exc,0.2,PYGM,0.000915984341550666,0.00356435643564356,70700
exc,0.2,CPT1A,0.0363247216061875,0.125841584158416,70700
exc,0.2,ACADVL,0.185523933500652,0.509349363507779,70700
exc,0.2,HADHA,0.186365270336413,0.516053748231966,70700
exc,0.2,ACSL3,0.798501062705228,0.914512022630834,70700
exc,0.2,BDH1,0.636159104631827,0.885954738330976,70700
exc,0.2,OXCT1,0.644927747559008,0.867340876944837,70700
exc,0.2,SLC16A6,0.0555963756826139,0.202545968882603,70700
exc,0.2,RPL13A,0.221235013732205,0.521188118811881,70700
exc,0.2,RPS6,0.156178828046184,0.418104667609618,70700
exc,0.2,EIF4E,0.402057291003052,0.773465346534653,70700
exc,0.2,EEF2,0.151120103952492,0.426449787835927,70700
exc,0.2,HSPA5,0.0975734093043389,0.30970297029703,70700
exc,0.2,DDIT3,0.026647758845535,0.0982178217821782,70700
exc,0.2,ATF4,0.0776123443676114,0.265884016973126,70700
exc,0.2,EIF2AK3,0.307834926458205,0.652970297029703,70700
exc,0.2,GFAP,0.0179830015965249,0.0626166902404526,70700
exc,0.2,VIM,0.00317038759539138,0.0109335219236209,70700
exc,0.2,SERPINA3,0.00128649773178925,0.00475247524752475,70700
exc,0.2,CLU,0.745629026635301,0.883069306930693,70700
exc,0.2,C3,0.00793116431267039,0.0299434229137199,70700
exc,0.2,CD44,0.00407307125612187,0.0168599717114569,70700
exc,0.2,LAMP1,0.208880916052014,0.561159830268741,70700
exc,0.2,LAMP2,0.221369200906225,0.577906647807638,70700
exc,0.2,CTSB,0.282626035735485,0.659391796322489,70700
exc,0.2,CTSD,0.107771351525463,0.329123055162659,70700
exc,0.2,SLC40A1,0.00124400707915467,0.00531824611032532,70700
exc,0.2,TFRC,0.183888294321855,0.519264497878359,70700
exc,0.2,FTH1,0.658432392227546,0.827807637906648,70700
exc,0.2,FTL,0.291478510697173,0.576577086280057,70700
exc,0.2,CP,0.0184248736648013,0.063960396039604,70700
exc,0.2,LDHA,0.140108448800854,0.385487977369166,70700
exc,0.2,HK2,0.00354316174183067,0.0132248939179632,70700
exc,0.2,PFKFB3,0.45192568555332,0.783719943422914,70700
exc,0.2,NEFL,0.39174054784782,0.695473833097596,70700
exc,0.2,PTGDS,0.0815476098092328,0.251951909476662,70700
exc,0.2,MOG,0.0110689233778021,0.0407637906647808,70700
exc,0.2,MAG,0.00814560821235096,0.0287270155586987,70700
exc,0.2,SNAP25,2.06202656312702,0.997270155586987,70700
exc,0.2,SYT1,3.62102776311749,1,70700
exc,0.2,SLC17A7,0.592380490860832,0.862050919377652,70700
exc,0.2,RBFOX3,1.65404137132929,0.988274398868458,70700
exc,0.2,ATP6V1A,0.700469942612434,0.896577086280057,70700
exc,0.2,ATP6V1B2,0.422220627907479,0.773437057991513,70700
exc,0.2,ATP6V0A1,0.887848511814671,0.947496463932108,70700
exc,0.2,ATP6V0C,0.419433619805534,0.720594059405941,70700
exc,0.2,ATP6V0D1,0.205646723661535,0.54987270155587,70700
exc,0.2,ATP6V1E1,0.318567699523961,0.691626591230552,70700
exc,0.3,CA2,0.00681115197158709,0.0244830854908466,67516
exc,0.3,CA4,0.132451117132085,0.328366609396291,67516
exc,0.3,CA12,0.00906844543408658,0.0326589252917827,67516
exc,0.3,CA14,0.00113952183243283,0.00525801291545708,67516
exc,0.3,CA8,0.0840643555299132,0.200085905563126,67516
exc,0.3,CA11,0.403440137412919,0.766973754369335,67516
exc,0.3,CA9,0.000815880668009512,0.00325848687718467,67516
exc,0.3,BSG,0.323339345752833,0.691732330114343,67516
exc,0.3,EMB,0.200689772506579,0.464541738254636,67516
exc,0.3,SLC4A4,0.353171493100555,0.514055927483856,67516
exc,0.3,SLC4A2,0.00450573952976616,0.0177587534806564,67516
exc,0.3,SLC4A10,2.2418259890917,0.999126133064755,67516
exc,0.3,SLC9A1,0.201418344144914,0.521905918597073,67516
exc,0.3,SLC9A6,0.367211829884844,0.723250784999111,67516
exc,0.3,SLC9A7,0.335440415912144,0.670211505420937,67516
exc,0.3,SLC16A1,0.0790228748231574,0.266899697849399,67516
exc,0.3,SLC16A3,0.0251139863065074,0.106048936548374,67516
exc,0.3,SLC16A7,0.821563859787508,0.915146039457314,67516
exc,0.3,NDUFA1,0.105459230373716,0.312844362817702,67516
exc,0.3,NDUFA2,0.0589392615824139,0.202840808104746,67516
exc,0.3,NDUFA4,0.251740746461952,0.553335505657918,67516
exc,0.3,NDUFA8,0.113314600764246,0.358552046922211,67516
exc,0.3,NDUFA9,0.231438164196949,0.583195094496119,67516
exc,0.3,NDUFA10,0.804173260499583,0.922566502754903,67516
exc,0.3,NDUFA13,0.180920812032573,0.484344451685526,67516
exc,0.3,NDUFB1,0.167118281444776,0.48056756916879,67516
exc,0.3,NDUFB2,0.150881071623707,0.426684045263345,67516
exc,0.3,NDUFB4,0.145304817472178,0.417989809822857,67516
exc,0.3,NDUFB6,0.204449570387519,0.533532792227028,67516
exc,0.3,NDUFB8,0.282461012334108,0.635745601042716,67516
exc,0.3,NDUFB9,0.0836396828450832,0.285206469577582,67516
exc,0.3,NDUFB10,0.0551155725961592,0.185585638959654,67516
exc,0.3,NDUFS1,0.743751480747254,0.921248296700042,67516
exc,0.3,NDUFS2,0.198837764650562,0.524438651578885,67516
exc,0.3,NDUFS3,0.0836740716545792,0.282747793115706,67516
exc,0.3,NDUFS4,0.406377700795027,0.757538953729486,67516
exc,0.3,NDUFS7,0.130147419314108,0.395076722554654,67516
exc,0.3,NDUFS8,0.120353375108482,0.374622311748326,67516
exc,0.3,NDUFV1,0.214574365699609,0.563895965400794,67516
exc,0.3,NDUFV2,0.279502619035989,0.645565495586232,67516
exc,0.3,SDHA,0.296954589999139,0.671248296700042,67516
exc,0.3,SDHB,0.246743697226705,0.60538242786895,67516
exc,0.3,UQCRC1,0.137065756155049,0.414672077729723,67516
exc,0.3,UQCRC2,0.472222558025787,0.81508086971977,67516
exc,0.3,CYC1,0.0480038811780379,0.168804431542153,67516
exc,0.3,COX4I1,0.162666494773207,0.443050536169204,67516
exc,0.3,COX5A,0.120873530997138,0.37380769002903,67516
exc,0.3,COX6C,0.275595158431353,0.626547781266663,67516
exc,0.3,COX7C,0.198743309698201,0.463860418271225,67516
exc,0.3,ATP5F1A,0.299527373358948,0.665457076841045,67516
exc,0.3,ATP5F1B,0.26655157097324,0.606211860892233,67516
exc,0.3,ATP5MC1,0.0871014329525626,0.287857692991291,67516
exc,0.3,ATP5PB,0.149647833579605,0.447242135197583,67516
exc,0.3,PPARGC1A,0.456396015601245,0.70838023579596,67516
exc,0.3,PPARGC1B,0.418784648369815,0.762648853605071,67516
exc,0.3,PPRC1,0.0569775148458023,0.211312873985426,67516
exc,0.3,TFAM,0.100313029841691,0.327300195509213,67516
exc,0.3,NRF1,0.817714981246221,0.923381124474199,67516
exc,0.3,NFE2L2,0.20043256573799,0.500429527815629,67516
exc,0.3,ESRRA,0.116040937268206,0.357989217370697,67516
exc,0.3,MFN1,0.364991615991019,0.70599561585402,67516
exc,0.3,MFN2,0.190945733671805,0.523624029859589,67516
exc,0.3,OPA1,0.826151527546272,0.933452811185497,67516
exc,0.3,DNM1L,0.764009577028775,0.91283547603531,67516
exc,0.3,FIS1,0.0990364091219012,0.323656614728361,67516
exc,0.3,SLC1A2,0.421582416824675,0.696901475205877,67516
exc,0.3,SLC1A3,0.0527632659967914,0.143077196516381,67516
exc,0.3,GLUL,0.0455500861093584,0.143832573019729,67516
exc,0.3,SLC38A1,0.624653503715176,0.857811481722851,67516
exc,0.3,SLC38A3,0.000903533463197986,0.00327329818117187,67516
exc,0.3,ATP1A1,0.596889743469958,0.85850761301025,67516
exc,0.3,ATP1A2,0.104026966573776,0.311807571538598,67516
exc,0.3,ATP1A3,0.506023687993215,0.825922744238403,67516
exc,0.3,ATP1B1,0.92662742507699,0.946368268262338,67516
exc,0.3,ATP1B2,0.0552980567070572,0.148453699863736,67516
exc,0.3,AQP4,0.0422451898414348,0.144810119082884,67516
exc,0.3,KCNJ10,0.010014561936949,0.0383760886308431,67516
exc,0.3,GJA1,0.0134341242799366,0.0411309911724628,67516
exc,0.3,GJB6,0.00198939691618119,0.00626518158658688,67516
exc,0.3,SLC2A1,0.0334709382417514,0.13180579418212,67516
exc,0.3,SLC2A3,0.164735005269054,0.464778719118431,67516
exc,0.3,GYS1,0.253788728537981,0.606463653060015,67516
exc,0.3,PYGB,0.362443394500567,0.730686059600687,67516
exc,0.3,PYGM,0.00117119406311609,0.0043841459802121,67516
exc,0.3,CPT1A,0.0369321180084227,0.127747496889626,67516
exc,0.3,ACADVL,0.21826672673633,0.563792286272884,67516
exc,0.3,HADHA,0.183562732048227,0.504339712068251,67516
exc,0.3,ACSL3,0.825644942860157,0.92130754191599,67516
exc,0.3,BDH1,0.557183177678176,0.831491794537591,67516
exc,0.3,OXCT1,0.646466670202189,0.863884116357604,67516
exc,0.3,SLC16A6,0.0511127501892287,0.185215356359974,67516
exc,0.3,RPL13A,0.204208675651888,0.500725753895373,67516
exc,0.3,RPS6,0.152338737720338,0.408140292671367,67516
exc,0.3,EIF4E,0.398587670619184,0.765803661354346,67516
exc,0.3,EEF2,0.168658603257566,0.450441376858819,67516
exc,0.3,HSPA5,0.106649186967801,0.319139167012264,67516
exc,0.3,DDIT3,0.0255051718017974,0.0978582854434504,67516
exc,0.3,ATF4,0.0883870188008226,0.290834765092719,67516
exc,0.3,EIF2AK3,0.315523730941089,0.654718881450323,67516
exc,0.3,GFAP,0.017226186425193,0.0551869186563185,67516
exc,0.3,VIM,0.00339225747304347,0.0114047040701463,67516
exc,0.3,SERPINA3,0.000618565037261254,0.00214763907814444,67516
exc,0.3,CLU,0.885214043113472,0.919959713253155,67516
exc,0.3,C3,0.00932752790730781,0.0334587357070917,67516
exc,0.3,CD44,0.00381700685892791,0.0147668700752414,67516
exc,0.3,LAMP1,0.214185818755747,0.56508086971977,67516
exc,0.3,LAMP2,0.221044627103686,0.565732567095207,67516
exc,0.3,CTSB,0.281225086870904,0.648986906807275,67516
exc,0.3,CTSD,0.110738819390884,0.333491320575864,67516
exc,0.3,SLC40A1,0.00160974766272272,0.00620593637063807,67516
exc,0.3,TFRC,0.17688878170906,0.497422833106227,67516
exc,0.3,FTH1,0.566921877107159,0.814443983648321,67516
exc,0.3,FTL,0.260186601051061,0.558297292493631,67516
exc,0.3,CP,0.0125308004615387,0.0522246578588779,67516
exc,0.3,LDHA,0.134922564494389,0.386101072338409,67516
exc,0.3,HK2,0.00352288781476507,0.0154778126666272,67516
exc,0.3,PFKFB3,0.471971162842431,0.796877777119498,67516
exc,0.3,NEFL,0.420908299617223,0.723087860655252,67516
exc,0.3,PTGDS,0.0856783679686542,0.259168197168079,67516
exc,0.3,MOG,0.0110043470771605,0.0421381598435926,67516
exc,0.3,MAG,0.00677045556865652,0.0250014811303987,67516
exc,0.3,SNAP25,2.14397083588222,0.998652171337165,67516
exc,0.3,SYT1,3.65212921077581,0.999985188696013,67516
exc,0.3,SLC17A7,0.615948343801959,0.876251555186919,67516
exc,0.3,RBFOX3,1.75458263027044,0.994890100124415,67516
exc,0.3,ATP6V1A,0.69536391087704,0.895698797322116,67516
exc,0.3,ATP6V1B2,0.443402704874598,0.787146750399905,67516
exc,0.3,ATP6V0A1,0.897410281160547,0.952322412465193,67516
exc,0.3,ATP6V0C,0.417194793704703,0.725531725813141,67516
exc,0.3,ATP6V0D1,0.210306234759124,0.551587771787428,67516
exc,0.3,ATP6V1E1,0.314342202326007,0.679231589549144,67516
exc,0.4,CA2,0.0069371025631875,0.0252328242626632,69473
exc,0.4,CA4,0.111407843980393,0.289436183841205,69473
exc,0.4,CA12,0.00677023547575164,0.0248729722338175,69473
exc,0.4,CA14,0.0013343303603784,0.00562808573114735,69473
exc,0.4,CA8,0.0577364571235906,0.153009082665208,69473
exc,0.4,CA11,0.408082429159773,0.759561268406431,69473
exc,0.4,CA9,0.00122355526329835,0.00449095331999482,69473
exc,0.4,BSG,0.299177300784032,0.657492838944626,69473
exc,0.4,EMB,0.197269682372316,0.462121975443698,69473
exc,0.4,SLC4A4,0.354009122664514,0.49363061908943,69473
exc,0.4,SLC4A2,0.0041779562920045,0.0168986512745959,69473
exc,0.4,SLC4A10,2.19065045007278,0.998546197803463,69473
exc,0.4,SLC9A1,0.187596926758273,0.488261626819052,69473
exc,0.4,SLC9A6,0.35925740553958,0.721157859888014,69473
exc,0.4,SLC9A7,0.31343440125033,0.638766139363494,69473
exc,0.4,SLC16A1,0.0896677037319033,0.286067968851208,69473
exc,0.4,SLC16A3,0.0371853775823058,0.137765750723303,69473
exc,0.4,SLC16A7,0.797184843046803,0.904279360327033,69473
exc,0.4,NDUFA1,0.12866535477318,0.355850474284974,69473
exc,0.4,NDUFA2,0.068163541414846,0.218430181509363,69473
exc,0.4,NDUFA4,0.32054484170752,0.622069005225051,69473
exc,0.4,NDUFA8,0.12262173432994,0.371309717444187,69473
exc,0.4,NDUFA9,0.23355522678866,0.58402544873548,69473
exc,0.4,NDUFA10,0.798498165579376,0.930433405783542,69473
exc,0.4,NDUFA13,0.214447054988072,0.523167273617089,69473
exc,0.4,NDUFB1,0.188363961763422,0.507592877808645,69473
exc,0.4,NDUFB2,0.163210356871559,0.444777107653333,69473
exc,0.4,NDUFB4,0.160893536194323,0.443078606077181,69473
exc,0.4,NDUFB6,0.212500566081908,0.544643242698602,69473
exc,0.4,NDUFB8,0.354987886318454,0.706432714867646,69473
exc,0.4,NDUFB9,0.100787958116031,0.317087213737711,69473
exc,0.4,NDUFB10,0.0763188958525797,0.23157197760281,69473
exc,0.4,NDUFS1,0.710132093741681,0.914585522433175,69473
exc,0.4,NDUFS2,0.215209203374223,0.535373454435536,69473
exc,0.4,NDUFS3,0.0916319367741814,0.288774056108128,69473
exc,0.4,NDUFS4,0.431798428265084,0.772343212471032,69473
exc,0.4,NDUFS7,0.136728598806485,0.403106242712996,69473
exc,0.4,NDUFS8,0.126094158097692,0.376750680120335,69473
exc,0.4,NDUFV1,0.262281403678104,0.6203705036489,69473
exc,0.4,NDUFV2,0.292709617722385,0.656413282858089,69473
exc,0.4,SDHA,0.310296045746437,0.686396153901516,69473
exc,0.4,SDHB,0.248098864867369,0.600708188792769,69473
exc,0.4,UQCRC1,0.145759088567047,0.420436716422207,69473
exc,0.4,UQCRC2,0.481514600387301,0.820908842284053,69473
exc,0.4,CYC1,0.0581716231999047,0.18827458149209,69473
exc,0.4,COX4I1,0.21353795494779,0.516402055474789,69473
exc,0.4,COX5A,0.139266437050059,0.404300951448764,69473
exc,0.4,COX6C,0.300209029237722,0.656542829588473,69473
exc,0.4,COX7C,0.248644043160423,0.541807608711298,69473
exc,0.4,ATP5F1A,0.318885586556055,0.682740057288443,69473
exc,0.4,ATP5F1B,0.282073988758432,0.621421271573129,69473
exc,0.4,ATP5MC1,0.111296880249611,0.333769953795,69473
exc,0.4,ATP5PB,0.158704873921492,0.455428727707167,69473
exc,0.4,PPARGC1A,0.4570083981602,0.693535618153815,69473
exc,0.4,PPARGC1B,0.410844282642469,0.7468512947476,69473
exc,0.4,PPRC1,0.0550257838307368,0.200034545794769,69473
exc,0.4,TFAM,0.0909827888968176,0.296330948713889,69473
exc,0.4,NRF1,0.786469856520419,0.915521137708174,69473
exc,0.4,NFE2L2,0.203052018181105,0.496653376131735,69473
exc,0.4,ESRRA,0.123269089338864,0.357620946266895,69473
exc,0.4,MFN1,0.417480210070835,0.752364227829517,69473
exc,0.4,MFN2,0.190019358974858,0.513983849840945,69473
exc,0.4,OPA1,0.762697796422418,0.915665078519713,69473
exc,0.4,DNM1L,0.821140659088501,0.936522102111612,69473
exc,0.4,FIS1,0.126604952174707,0.372317303124955,69473
exc,0.4,SLC1A2,0.430509448628373,0.686943128985361,69473
exc,0.4,SLC1A3,0.0327751399789694,0.0940653203402761,69473
exc,0.4,GLUL,0.038304341739294,0.121673167993321,69473
exc,0.4,SLC38A1,0.585957569903918,0.838627956184417,69473
exc,0.4,SLC38A3,0.00074262644748598,0.00283563398730442,69473
exc,0.4,ATP1A1,0.622492245557465,0.871216155916687,69473
exc,0.4,ATP1A2,0.090804864924118,0.273919364357376,69473
exc,0.4,ATP1A3,0.47713336940597,0.806860219077915,69473
exc,0.4,ATP1B1,0.966920995847773,0.954270004174283,69473
exc,0.4,ATP1B2,0.0598701251882231,0.156564420710204,69473
exc,0.4,AQP4,0.0451592359069144,0.153095447152131,69473
exc,0.4,KCNJ10,0.00680069201403553,0.0250313071265096,69473
exc,0.4,GJA1,0.00548454285046112,0.0193744332330546,69473
exc,0.4,GJB6,0.00121728245344751,0.00446216515768716,69473
exc,0.4,SLC2A1,0.0339340719318256,0.127704287996776,69473
exc,0.4,SLC2A3,0.173724450523184,0.469563715400227,69473
exc,0.4,GYS1,0.225666350906426,0.558648683661279,69473
exc,0.4,PYGB,0.385646442900908,0.747542210642984,69473
exc,0.4,PYGM,0.000776218597999331,0.0030227570423042,69473
exc,0.4,CPT1A,0.0355311766574721,0.119398903171016,69473
exc,0.4,ACADVL,0.221594014598129,0.543203834583219,69473
exc,0.4,HADHA,0.194518125078144,0.514271731464022,69473
exc,0.4,ACSL3,0.801694204958221,0.922199991363551,69473
exc,0.4,BDH1,0.646333396065757,0.887783743324745,69473
exc,0.4,OXCT1,0.681214851685369,0.878542743223986,69473
exc,0.4,SLC16A6,0.0482024930518562,0.172426698141724,69473
exc,0.4,RPL13A,0.250442068270725,0.551206943704749,69473
exc,0.4,RPS6,0.18465942298268,0.45852345515524,69473
exc,0.4,EIF4E,0.402545578790552,0.766240122061808,69473
exc,0.4,EEF2,0.1646929677443,0.441049040634491,69473
exc,0.4,HSPA5,0.0983566973807907,0.298389302318887,69473
exc,0.4,DDIT3,0.0299278262808468,0.103076015142573,69473
exc,0.4,ATF4,0.101987519699069,0.311214428626949,69473
exc,0.4,EIF2AK3,0.337069987663141,0.674089214514992,69473
exc,0.4,GFAP,0.0165893028048681,0.0552588775495516,69473
exc,0.4,VIM,0.00327466094653703,0.0113713241115253,69473
exc,0.4,SERPINA3,0.00111847109047545,0.00333942682768845,69473
exc,0.4,CLU,0.80299896740643,0.906913477178184,69473
exc,0.4,C3,0.00675692918622859,0.0250600952888172,69473
exc,0.4,CD44,0.00364247877156941,0.014523627884214,69473
exc,0.4,LAMP1,0.222512759713401,0.568695752306652,69473
exc,0.4,LAMP2,0.232594745824222,0.580801174557022,69473
exc,0.4,CTSB,0.292704227085814,0.657190563240396,69473
exc,0.4,CTSD,0.11917590043934,0.342723072272681,69473
exc,0.4,SLC40A1,0.00109914005308468,0.00431822434614886,69473
exc,0.4,TFRC,0.190979787594497,0.516603572610942,69473
exc,0.4,FTH1,0.75744471745345,0.868207792955537,69473
exc,0.4,FTL,0.334604133903344,0.618009874339672,69473
exc,0.4,CP,0.0164037593679196,0.0605702934953147,69473
exc,0.4,LDHA,0.150608886118556,0.404819138370302,69473
exc,0.4,HK2,0.0033924282427208,0.0137031652584457,69473
exc,0.4,PFKFB3,0.461140152586598,0.782563010090251,69473
exc,0.4,NEFL,0.389878940223618,0.679918817382292,69473
exc,0.4,PTGDS,0.0853799107147732,0.25363810401163,69473
exc,0.4,MOG,0.0118419890069497,0.0453125674722554,69473
exc,0.4,MAG,0.00842769167454109,0.0293783196349661,69473
exc,0.4,SNAP25,2.10404607432351,0.998675744533848,69473
exc,0.4,SYT1,3.60065176449459,1,69473
exc,0.4,SLC17A7,0.616107046486938,0.870669180832842,69473
exc,0.4,RBFOX3,1.66405253273998,0.991262792739625,69473
exc,0.4,ATP6V1A,0.711130820856069,0.898032329106272,69473
exc,0.4,ATP6V1B2,0.442480249420996,0.786147136297554,69473
exc,0.4,ATP6V0A1,0.905728917204345,0.953708635009284,69473
exc,0.4,ATP6V0C,0.446387969692369,0.732889036028385,69473
exc,0.4,ATP6V0D1,0.216829954992511,0.553063780173593,69473
exc,0.4,ATP6V1E1,0.342976251674101,0.702416766225728,69473
exc,0.5,CA2,0.00616177761507699,0.0218882514342729,48108
exc,0.5,CA4,0.112782899972767,0.30639394695269,48108
exc,0.5,CA12,0.0070543618378875,0.0263781491643801,48108
exc,0.5,CA14,0.000879716869018377,0.00415731271306228,48108
exc,0.5,CA8,0.0777920601605146,0.20061112496882,48108
exc,0.5,CA11,0.389471356217876,0.756132036251767,48108
exc,0.5,CA9,0.000910807659345726,0.00380394113245198,48108
exc,0.5,BSG,0.307589265190956,0.669077908040243,48108
exc,0.5,EMB,0.197171346347017,0.468009478672986,48108
exc,0.5,SLC4A4,0.365802004532781,0.524403425625676,48108
exc,0.5,SLC4A2,0.00356464360127356,0.0154028436018957,48108
exc,0.5,SLC4A10,2.26103774538456,0.998919098694604,48108
exc,0.5,SLC9A1,0.191307705491218,0.510039910202045,48108
exc,0.5,SLC9A6,0.362796766497536,0.734555583270974,48108
exc,0.5,SLC9A7,0.342787469065629,0.682464454976303,48108
exc,0.5,SLC16A1,0.0757022469108667,0.260164629583437,48108
exc,0.5,SLC16A3,0.0195988732617535,0.0839361436767274,48108
exc,0.5,SLC16A7,0.85994868661793,0.927371746902802,48108
exc,0.5,NDUFA1,0.0836246867843887,0.273592749646628,48108
exc,0.5,NDUFA2,0.0504075796130824,0.180323438929076,48108
exc,0.5,NDUFA4,0.227854371726667,0.541697846512015,48108
exc,0.5,NDUFA8,0.102246602054091,0.340317618691278,48108
exc,0.5,NDUFA9,0.215345960068843,0.572628253097198,48108
exc,0.5,NDUFA10,0.779960687559925,0.932485241539869,48108
exc,0.5,NDUFA13,0.153108380237549,0.441756048889998,48108
exc,0.5,NDUFB1,0.156545722195582,0.467219589257504,48108
exc,0.5,NDUFB2,0.126064223448039,0.391369418807683,48108
exc,0.5,NDUFB4,0.113460466202491,0.364804190571215,48108
exc,0.5,NDUFB6,0.200603343802084,0.537914691943128,48108
exc,0.5,NDUFB8,0.267086841671986,0.626444666167789,48108
exc,0.5,NDUFB9,0.0770470425753719,0.269955101022699,48108
exc,0.5,NDUFB10,0.0447392787540724,0.160264405088551,48108
exc,0.5,NDUFS1,0.685961168007251,0.916770599484493,48108
exc,0.5,NDUFS2,0.172496639249717,0.478735345472687,48108
exc,0.5,NDUFS3,0.0739097826038347,0.2586887835703,48108
exc,0.5,NDUFS4,0.42215126546471,0.774070840608631,48108
exc,0.5,NDUFS7,0.11408828064086,0.366072170948699,48108
exc,0.5,NDUFS8,0.109638746593442,0.354182256589341,48108
exc,0.5,NDUFV1,0.216341991094609,0.573750727529725,48108
exc,0.5,NDUFV2,0.271009194573592,0.646233474681966,48108
exc,0.5,SDHA,0.285779351025892,0.672029600066517,48108
exc,0.5,SDHB,0.236938014406585,0.600690113910368,48108
exc,0.5,UQCRC1,0.126051599418628,0.394736842105263,48108
exc,0.5,UQCRC2,0.440432951794452,0.802527646129542,48108
exc,0.5,CYC1,0.0425357471395278,0.150702585848508,48108
exc,0.5,COX4I1,0.153645773662868,0.431487486488734,48108
exc,0.5,COX5A,0.11277581925322,0.363640143011557,48108
exc,0.5,COX6C,0.250296037358564,0.614367672736343,48108
exc,0.5,COX7C,0.165033579772022,0.423027355117652,48108
exc,0.5,ATP5F1A,0.294533183514778,0.674295335495136,48108
exc,0.5,ATP5F1B,0.255667228644451,0.601625509270807,48108
exc,0.5,ATP5MC1,0.0739591265703739,0.262617444084144,48108
exc,0.5,ATP5PB,0.141614418457848,0.435852664837449,48108
exc,0.5,PPARGC1A,0.44778700967224,0.7029600066517,48108
exc,0.5,PPARGC1B,0.407238222599318,0.757587095701339,48108
exc,0.5,PPRC1,0.0517072040335068,0.197576286688285,48108
exc,0.5,TFAM,0.0865884703758479,0.29938887503118,48108
exc,0.5,NRF1,0.800473384625749,0.924773426457138,48108
exc,0.5,NFE2L2,0.208288803454567,0.521846678307142,48108
exc,0.5,ESRRA,0.110883258379236,0.347967074083313,48108
exc,0.5,MFN1,0.392520824949524,0.746424711066767,48108
exc,0.5,MFN2,0.177507212774806,0.508085973226906,48108
exc,0.5,OPA1,0.802383917039956,0.930635237382556,48108
exc,0.5,DNM1L,0.735169493045881,0.916895318865885,48108
exc,0.5,FIS1,0.0978731397962797,0.325746237631995,48108
exc,0.5,SLC1A2,0.422894651346142,0.703230231978049,48108
exc,0.5,SLC1A3,0.0388791159008615,0.118400266068014,48108
exc,0.5,GLUL,0.0426807169786767,0.135445248191569,48108
exc,0.5,SLC38A1,0.598902902050715,0.860771597239544,48108
exc,0.5,SLC38A3,0.000874193151541617,0.00334663673401513,48108
exc,0.5,ATP1A1,0.543229461744752,0.839236717385882,48108
exc,0.5,ATP1A2,0.0802893325203409,0.262929242537624,48108
exc,0.5,ATP1A3,0.480212824273639,0.816683295917519,48108
exc,0.5,ATP1B1,0.882127639206692,0.938929076245115,48108
exc,0.5,ATP1B2,0.0589952444109592,0.154028436018957,48108
exc,0.5,AQP4,0.0493281906837084,0.174274548931571,48108
exc,0.5,KCNJ10,0.0066365677230088,0.0265652282364679,48108
exc,0.5,GJA1,0.00751866321837919,0.0258792716388127,48108
exc,0.5,GJB6,0.00139002459591599,0.00484326931071755,48108
exc,0.5,SLC2A1,0.0311502675814913,0.123638480086472,48108
exc,0.5,SLC2A3,0.157416780281868,0.444146503700008,48108
exc,0.5,GYS1,0.23977136044898,0.591398519996674,48108
exc,0.5,PYGB,0.360341313580728,0.736592666500374,48108
exc,0.5,PYGM,0.00087640087838144,0.00353371580610294,48108
exc,0.5,CPT1A,0.0357437619045525,0.124012638230648,48108
exc,0.5,ACADVL,0.220978297623993,0.560551259665752,48108
exc,0.5,HADHA,0.192682723589926,0.529974224661179,48108
exc,0.5,ACSL3,0.780863695949473,0.915876777251185,48108
exc,0.5,BDH1,0.65245950037408,0.895651450902137,48108
exc,0.5,OXCT1,0.669120924532602,0.88149580111416,48108
exc,0.5,SLC16A6,0.0422709127173349,0.157977883096367,48108
exc,0.5,RPL13A,0.210994250561252,0.500270225326349,48108
exc,0.5,RPS6,0.144154619791265,0.395256506194396,48108
exc,0.5,EIF4E,0.378974611787701,0.75633990188742,48108
exc,0.5,EEF2,0.146716893252183,0.422632410409911,48108
exc,0.5,HSPA5,0.086561864173814,0.279891078406918,48108
exc,0.5,DDIT3,0.0239464870651801,0.092458634738505,48108
exc,0.5,ATF4,0.0789367539775321,0.266837116487902,48108
exc,0.5,EIF2AK3,0.33938349289108,0.677745905046978,48108
exc,0.5,GFAP,0.0274466818226903,0.0905462708904964,48108
exc,0.5,VIM,0.00283402543876748,0.0100606967656107,48108
exc,0.5,SERPINA3,0.00257647648367604,0.00889664920595327,48108
exc,0.5,CLU,0.808999291087227,0.915357113162052,48108
exc,0.5,C3,0.0093057580720291,0.0340691776835454,48108
exc,0.5,CD44,0.00403843063166066,0.0151118317119814,48108
exc,0.5,LAMP1,0.199115538291839,0.545189989190987,48108
exc,0.5,LAMP2,0.234402551302716,0.595036168620604,48108
exc,0.5,CTSB,0.289427661343463,0.66390205371248,48108
exc,0.5,CTSD,0.10718286853783,0.318574873201962,48108
exc,0.5,SLC40A1,0.00119737170333415,0.00527978714558909,48108
exc,0.5,TFRC,0.175596880887196,0.495801114159807,48108
exc,0.5,FTH1,0.555123785974269,0.807246196058868,48108
exc,0.5,FTL,0.224993874559414,0.510954518998919,48108
exc,0.5,CP,0.00853192723248009,0.0362725534214684,48108
exc,0.5,LDHA,0.122108196662362,0.363411490812339,48108
exc,0.5,HK2,0.00192737305803091,0.00769102851916521,48108
exc,0.5,PFKFB3,0.456209818729587,0.79238380310967,48108
exc,0.5,NEFL,0.380015487939542,0.697326847925501,48108
exc,0.5,PTGDS,0.0806265573925701,0.245697181341981,48108
exc,0.5,MOG,0.00869537443206008,0.0327180510518001,48108
exc,0.5,MAG,0.00653329598089773,0.0223039827055791,48108
exc,0.5,SNAP25,2.15796313153778,0.998752806186081,48108
exc,0.5,SYT1,3.70258433615427,1,48108
exc,0.5,SLC17A7,0.594605846102087,0.862704747651118,48108
exc,0.5,RBFOX3,1.74412775986963,0.996237631994679,48108
exc,0.5,ATP6V1A,0.688523165337104,0.893967739253347,48108
exc,0.5,ATP6V1B2,0.428553946646352,0.782697264488235,48108
exc,0.5,ATP6V0A1,0.875283703200536,0.95557911366093,48108
exc,0.5,ATP6V0C,0.371339375751532,0.675147584601314,48108
exc,0.5,ATP6V0D1,0.198497403948914,0.537956265070259,48108
exc,0.5,ATP6V1E1,0.31301135618309,0.686393115490147,48108
exc,0.6,CA2,0.00639051465344064,0.0217324501502322,58576
exc,0.6,CA4,0.0923561457914321,0.242966402622234,58576
exc,0.6,CA12,0.00720092149428989,0.025590685605026,58576
exc,0.6,CA14,0.000934782985618709,0.00356801420376946,58576
exc,0.6,CA8,0.0698797020050172,0.17626673040153,58576
exc,0.6,CA11,0.340772377871162,0.684341709915324,58576
exc,0.6,CA9,0.000831524982737574,0.00314121824638077,58576
exc,0.6,BSG,0.284441088469116,0.6150300464354,58576
exc,0.6,EMB,0.19843498642112,0.441716744059,58576
exc,0.6,SLC4A4,0.369987538775121,0.518847309478285,58576
exc,0.6,SLC4A2,0.00416829593604157,0.0159963124829282,58576
exc,0.6,SLC4A10,2.25583801128691,0.998531821906583,58576
exc,0.6,SLC9A1,0.185173060736161,0.46710256760448,58576
exc,0.6,SLC9A6,0.342810883112221,0.68343690248566,58576
exc,0.6,SLC9A7,0.331130246405394,0.642481562414641,58576
exc,0.6,SLC16A1,0.0666093318173023,0.22101201857416,58576
exc,0.6,SLC16A3,0.0186608723329537,0.0742624965856323,58576
exc,0.6,SLC16A7,0.838637556052164,0.906446326140399,58576
exc,0.6,NDUFA1,0.0888781109962783,0.261506419011199,58576
exc,0.6,NDUFA2,0.0453960414804741,0.153356323408905,58576
exc,0.6,NDUFA4,0.224201743475158,0.497934307566239,58576
exc,0.6,NDUFA8,0.0985841294127951,0.307190658290085,58576
exc,0.6,NDUFA9,0.224161486561318,0.549696121278339,58576
exc,0.6,NDUFA10,0.784565230392299,0.914606664845671,58576
exc,0.6,NDUFA13,0.160595564888703,0.424764408631521,58576
exc,0.6,NDUFB1,0.151447553986966,0.425157060912319,58576
exc,0.6,NDUFB2,0.118769308565978,0.346882682327233,58576
exc,0.6,NDUFB4,0.119158946773261,0.351287216607484,58576
exc,0.6,NDUFB6,0.188663001479739,0.487144905763453,58576
exc,0.6,NDUFB8,0.244721652436605,0.566375307293089,58576
exc,0.6,NDUFB9,0.0754876402594664,0.242385960120186,58576
exc,0.6,NDUFB10,0.0495196599421712,0.157231630701994,58576
exc,0.6,NDUFS1,0.689638393036146,0.892498634252936,58576
exc,0.6,NDUFS2,0.164300624655376,0.444789674952199,58576
exc,0.6,NDUFS3,0.0710343015111186,0.231613630155695,58576
exc,0.6,NDUFS4,0.427730433934268,0.745424747336793,58576
exc,0.6,NDUFS7,0.115615908002026,0.345004780114723,58576
exc,0.6,NDUFS8,0.117511573994183,0.348026495493035,58576
exc,0.6,NDUFV1,0.207048607868484,0.524737093690249,58576
exc,0.6,NDUFV2,0.284906791823216,0.627390057361377,58576
exc,0.6,SDHA,0.286359543379738,0.634491942092325,58576
exc,0.6,SDHB,0.24498869343138,0.576003824091778,58576
exc,0.6,UQCRC1,0.12525097088638,0.36875170718383,58576
exc,0.6,UQCRC2,0.44955499767667,0.78025129745971,58576
exc,0.6,CYC1,0.0427888240400314,0.14198647910407,58576
exc,0.6,COX4I1,0.154412784835306,0.397142174269325,58576
exc,0.6,COX5A,0.11595288937165,0.340907538923791,58576
exc,0.6,COX6C,0.252591896206341,0.580886369844305,58576
exc,0.6,COX7C,0.165838542277702,0.390279295274515,58576
exc,0.6,ATP5F1A,0.281549933999146,0.622370936902486,58576
exc,0.6,ATP5F1B,0.236855991609034,0.545598880087408,58576
exc,0.6,ATP5MC1,0.0745890996527264,0.243734635345534,58576
exc,0.6,ATP5PB,0.138468045816556,0.402246653919694,58576
exc,0.6,PPARGC1A,0.510637287546101,0.710837202950014,58576
exc,0.6,PPARGC1B,0.390804005822709,0.711537148320131,58576
exc,0.6,PPRC1,0.0465286166613351,0.169847719202404,58576
exc,0.6,TFAM,0.0864805496390693,0.276068697077301,58576
exc,0.6,NRF1,0.808847310811401,0.907026768642447,58576
exc,0.6,NFE2L2,0.185259442690648,0.453479240644633,58576
exc,0.6,ESRRA,0.101492906945987,0.301966675771647,58576
exc,0.6,MFN1,0.408901696405136,0.727482245288173,58576
exc,0.6,MFN2,0.172786433584744,0.467034280251298,58576
exc,0.6,OPA1,0.776754242049928,0.907914504233816,58576
exc,0.6,DNM1L,0.757387597745753,0.902093007375034,58576
exc,0.6,FIS1,0.0976509409695248,0.2983133023764,58576
exc,0.6,SLC1A2,0.383732108205554,0.641406036602021,58576
exc,0.6,SLC1A3,0.0380675608371846,0.110181644359465,58576
exc,0.6,GLUL,0.0441227990602444,0.134099289811527,58576
exc,0.6,SLC38A1,0.59289594727503,0.828257306746791,58576
exc,0.6,SLC38A3,0.000737533377070357,0.0025437039060366,58576
exc,0.6,ATP1A1,0.563450694759001,0.820865200764818,58576
exc,0.6,ATP1A2,0.0859936475299062,0.256811663479924,58576
exc,0.6,ATP1A3,0.448280047633189,0.762718519530183,58576
exc,0.6,ATP1B1,0.895628406977211,0.925174132750615,58576
exc,0.6,ATP1B2,0.0463664682161132,0.122763589183283,58576
exc,0.6,AQP4,0.0380947956235607,0.123446462715105,58576
exc,0.6,KCNJ10,0.00721070783451145,0.0249590275880907,58576
exc,0.6,GJA1,0.010708023195606,0.0330169352635892,58576
exc,0.6,GJB6,0.00176195212135158,0.00563370663753073,58576
exc,0.6,SLC2A1,0.0295708043633318,0.11112059546572,58576
exc,0.6,SLC2A3,0.134562543021319,0.384560229445507,58576
exc,0.6,GYS1,0.230032345202844,0.538599426386233,58576
exc,0.6,PYGB,0.363581858208005,0.70805449330784,58576
exc,0.6,PYGM,0.00110567278846614,0.00382409177820268,58576
exc,0.6,CPT1A,0.0345770979638608,0.113578940180279,58576
exc,0.6,ACADVL,0.203556768155823,0.508962715105163,58576
exc,0.6,HADHA,0.188788018034002,0.488732586724939,58576
exc,0.6,ACSL3,0.805723483151329,0.903544113630156,58576
exc,0.6,BDH1,0.607662038991064,0.856852635891833,58576
exc,0.6,OXCT1,0.680211520717805,0.863681371210052,58576
exc,0.6,SLC16A6,0.0382493627796952,0.135208959300738,58576
exc,0.6,RPL13A,0.20586505792137,0.449467358645179,58576
exc,0.6,RPS6,0.13418181481835,0.344697487025403,58576
exc,0.6,EIF4E,0.383342467049125,0.72772125102431,58576
exc,0.6,EEF2,0.12962044121754,0.363049713193117,58576
exc,0.6,HSPA5,0.0767410730271684,0.236803468997542,58576
exc,0.6,DDIT3,0.018567656720818,0.0692775198033324,58576
exc,0.6,ATF4,0.0687812525089039,0.228062687790221,58576
exc,0.6,EIF2AK3,0.324144239333651,0.640996312482928,58576
exc,0.6,GFAP,0.0191008038478271,0.0567126468178093,58576
exc,0.6,VIM,0.00296915712675023,0.00959437312209779,58576
exc,0.6,SERPINA3,0.000312501927509566,0.000921879267959574,58576
exc,0.6,CLU,0.717053642441391,0.868973641081672,58576
exc,0.6,C3,0.00787460570916461,0.0277758809068561,58576
exc,0.6,CD44,0.00300446124831344,0.0113869161431303,58576
exc,0.6,LAMP1,0.195779376712747,0.507494537011746,58576
exc,0.6,LAMP2,0.223976030674789,0.548808385686971,58576
exc,0.6,CTSB,0.255052292407951,0.588483337885824,58576
exc,0.6,CTSD,0.0931695692868709,0.275402895383775,58576
exc,0.6,SLC40A1,0.00116778489614882,0.00447282163343349,58576
exc,0.6,TFRC,0.17047753383827,0.463671128107075,58576
exc,0.6,FTH1,0.552196300763887,0.749743922425567,58576
exc,0.6,FTL,0.219079485365301,0.460034826550123,58576
exc,0.6,CP,0.00764501466523557,0.0301659382682327,58576
exc,0.6,LDHA,0.108617576547829,0.309444140945097,58576
exc,0.6,HK2,0.00274758590591374,0.0106869707730128,58576
exc,0.6,PFKFB3,0.448337884844077,0.753329008467632,58576
exc,0.6,NEFL,0.339420749230564,0.630377629063097,58576
exc,0.6,PTGDS,0.0883632238175045,0.24282982791587,58576
exc,0.6,MOG,0.00838203710378971,0.0281002458344715,58576
exc,0.6,MAG,0.00627421946656564,0.0211178639715925,58576
exc,0.6,SNAP25,2.13320211516487,0.99781480469817,58576
exc,0.6,SYT1,3.69021396544894,1,58576
exc,0.6,SLC17A7,0.570583662503715,0.820950559956296,58576
exc,0.6,RBFOX3,1.75199000018465,0.993478557771101,58576
exc,0.6,ATP6V1A,0.649708363541337,0.857689155968315,58576
exc,0.6,ATP6V1B2,0.414642393797047,0.737247336793226,58576
exc,0.6,ATP6V0A1,0.854274229631154,0.932532095055996,58576
exc,0.6,ATP6V0C,0.341766929862119,0.62515364654466,58576
exc,0.6,ATP6V0D1,0.185442558257672,0.485540152963671,58576
exc,0.6,ATP6V1E1,0.288066380831449,0.627048620595466,58576
exc,0.7,CA2,0.00808064562028246,0.026173667490293,113320
exc,0.7,CA4,0.123571939072567,0.30226791387222,113320
exc,0.7,CA12,0.00750530010853272,0.0258206847864455,113320
exc,0.7,CA14,0.000999554847602158,0.0039710554182845,113320
exc,0.7,CA8,0.0865351947378847,0.20171196611366,113320
exc,0.7,CA11,0.411585221955296,0.748932227320861,113320
exc,0.7,CA9,0.00128199534695839,0.00449170490645958,113320
exc,0.7,BSG,0.359267968532261,0.704368160960113,113320
exc,0.7,EMB,0.202726726433012,0.450705965407695,113320
exc,0.7,SLC4A4,0.34223069267402,0.493372749735263,113320
exc,0.7,SLC4A2,0.0046382735230218,0.0171020120014119,113320
exc,0.7,SLC4A10,2.24806236305813,0.997758559830568,113320
exc,0.7,SLC9A1,0.185409029213264,0.470358277444405,113320
exc,0.7,SLC9A6,0.366002011995341,0.70798623367455,113320
exc,0.7,SLC9A7,0.319560388408824,0.634539357571479,113320
exc,0.7,SLC16A1,0.0744138758042758,0.238095658312743,113320
exc,0.7,SLC16A3,0.0253116937538631,0.0940963642781504,113320
exc,0.7,SLC16A7,0.833606400037269,0.909133427462054,113320
exc,0.7,NDUFA1,0.10701933420328,0.303521002470879,113320
exc,0.7,NDUFA2,0.0595575804074262,0.191881397811507,113320
exc,0.7,NDUFA4,0.263223649823839,0.559451111895517,113320
exc,0.7,NDUFA8,0.111739953017889,0.337169078715143,113320
exc,0.7,NDUFA9,0.224829131661018,0.554076950229439,113320
exc,0.7,NDUFA10,0.749462242669071,0.910730674196964,113320
exc,0.7,NDUFA13,0.177851712178344,0.45761560183551,113320
exc,0.7,NDUFB1,0.171077227259487,0.4608806918461,113320
exc,0.7,NDUFB2,0.141841656772405,0.393010942463819,113320
exc,0.7,NDUFB4,0.13855770378174,0.390619484645252,113320
exc,0.7,NDUFB6,0.206861196849114,0.517040240028239,113320
exc,0.7,NDUFB8,0.280823784257278,0.611516060713025,113320
exc,0.7,NDUFB9,0.0811425039990145,0.259459936463113,113320
exc,0.7,NDUFB10,0.0562560330855799,0.17678256265443,113320
exc,0.7,NDUFS1,0.726920724081246,0.910201200141193,113320
exc,0.7,NDUFS2,0.206591720734563,0.514878220967173,113320
exc,0.7,NDUFS3,0.0815468563250487,0.258074479350512,113320
exc,0.7,NDUFS4,0.420594524341759,0.749947052594423,113320
exc,0.7,NDUFS7,0.126290582086295,0.364031062477939,113320
exc,0.7,NDUFS8,0.120194887013187,0.352373808683375,113320
exc,0.7,NDUFV1,0.229523691148627,0.558630427109072,113320
exc,0.7,NDUFV2,0.282071781436562,0.629015178256266,113320
exc,0.7,SDHA,0.281439106214162,0.635307094952347,113320
exc,0.7,SDHB,0.243521722040523,0.578097423226262,113320
exc,0.7,UQCRC1,0.134020190978731,0.384142252029651,113320
exc,0.7,UQCRC2,0.467842839686434,0.797379103423932,113320
exc,0.7,CYC1,0.0508395014197605,0.164825273561595,113320
exc,0.7,COX4I1,0.173638383309533,0.439948817507942,113320
exc,0.7,COX5A,0.123053806811667,0.357889163430992,113320
exc,0.7,COX6C,0.262101617988108,0.596478997529121,113320
exc,0.7,COX7C,0.201286788100421,0.456786092481468,113320
exc,0.7,ATP5F1A,0.299799459832242,0.64784680550653,113320
exc,0.7,ATP5F1B,0.267808721254015,0.591369572890928,113320
exc,0.7,ATP5MC1,0.0846636276753955,0.263995764207554,113320
exc,0.7,ATP5PB,0.151205972397613,0.427312036710201,113320
exc,0.7,PPARGC1A,0.465912791441053,0.693363925167667,113320
exc,0.7,PPARGC1B,0.391787223059499,0.721955524179315,113320
exc,0.7,PPRC1,0.0522257555001,0.179447582068479,113320
exc,0.7,TFAM,0.0988071181602313,0.304112248499824,113320
exc,0.7,NRF1,0.816985344240541,0.915098835157077,113320
exc,0.7,NFE2L2,0.197419256358902,0.471187786798447,113320
exc,0.7,ESRRA,0.112816421219312,0.324188139781151,113320
exc,0.7,MFN1,0.362007705242453,0.687866219555242,113320
exc,0.7,MFN2,0.183228416885179,0.486577832686198,113320
exc,0.7,OPA1,0.798143762866666,0.915222379103424,113320
exc,0.7,DNM1L,0.764447306782702,0.909548182139075,113320
exc,0.7,FIS1,0.102926475621768,0.309601129544652,113320
exc,0.7,SLC1A2,0.389879328432334,0.654632897987999,113320
exc,0.7,SLC1A3,0.0497322503813637,0.133409812919167,113320
exc,0.7,GLUL,0.0490331953681053,0.144987645605365,113320
exc,0.7,SLC38A1,0.612117278949018,0.840654782915637,113320
exc,0.7,SLC38A3,0.000950089473069566,0.00304447582068479,113320
exc,0.7,ATP1A1,0.56906562179999,0.829456406636075,113320
exc,0.7,ATP1A2,0.105068803709454,0.29840275326509,113320
exc,0.7,ATP1A3,0.486320540198824,0.799841157783269,113320
exc,0.7,ATP1B1,0.935723657326288,0.937680903635722,113320
exc,0.7,ATP1B2,0.0609541488280786,0.149902929756442,113320
exc,0.7,AQP4,0.0496232056875864,0.156821390751853,113320
exc,0.7,KCNJ10,0.00779236732155974,0.026879632897988,113320
exc,0.7,GJA1,0.0111261240909507,0.0325538298623367,113320
exc,0.7,GJB6,0.00194532104889164,0.00600953053300388,113320
exc,0.7,SLC2A1,0.0311395785276227,0.111348393928698,113320
exc,0.7,SLC2A3,0.16312808721299,0.438536886692552,113320
exc,0.7,GYS1,0.2312369083176,0.551173667490293,113320
exc,0.7,PYGB,0.363363768168792,0.713069184609954,113320
exc,0.7,PYGM,0.00091443971319514,0.00330921284857042,113320
exc,0.7,CPT1A,0.0342579740734079,0.111516060713025,113320
exc,0.7,ACADVL,0.224103197387981,0.53967525591246,113320
exc,0.7,HADHA,0.187878269786091,0.488757500882457,113320
exc,0.7,ACSL3,0.778998708042378,0.901888457465584,113320
exc,0.7,BDH1,0.558755860347965,0.832809742322626,113320
exc,0.7,OXCT1,0.651863961876954,0.860042357924462,113320
exc,0.7,SLC16A6,0.0458375181309797,0.153132721496647,113320
exc,0.7,RPL13A,0.206138828079891,0.475494175785387,113320
exc,0.7,RPS6,0.151796367814244,0.388828097423226,113320
exc,0.7,EIF4E,0.392195752323623,0.740548888104483,113320
exc,0.7,EEF2,0.169835328393604,0.431953759265796,113320
exc,0.7,HSPA5,0.108008014044254,0.307695022943876,113320
exc,0.7,DDIT3,0.0277962438350605,0.0953053300388281,113320
exc,0.7,ATF4,0.0956049581674055,0.282209671726085,113320
exc,0.7,EIF2AK3,0.318908068743438,0.635465937169079,113320
exc,0.7,GFAP,0.0248847865905222,0.0754147546770208,113320
exc,0.7,VIM,0.00404092726901573,0.0126456053653371,113320
exc,0.7,SERPINA3,0.00255478250738556,0.00843628662195552,113320
exc,0.7,CLU,0.881949193236913,0.919546417225556,113320
exc,0.7,C3,0.00842403359576387,0.0276561948464525,113320
exc,0.7,CD44,0.00413788746321818,0.0144987645605365,113320
exc,0.7,LAMP1,0.214543601361745,0.536260148252736,113320
exc,0.7,LAMP2,0.215588449091285,0.538828097423226,113320
exc,0.7,CTSB,0.297133987271442,0.645296505471232,113320
exc,0.7,CTSD,0.128704918867146,0.348085068831627,113320
exc,0.7,SLC40A1,0.00146367002644784,0.00504765266501941,113320
exc,0.7,TFRC,0.17480354275271,0.4719908224497,113320
exc,0.7,FTH1,0.611414065850525,0.795111189551712,113320
exc,0.7,FTL,0.305318504753281,0.581856689022238,113320
exc,0.7,CP,0.0110317874850394,0.041307800917755,113320
exc,0.7,LDHA,0.135898560773748,0.364472290857748,113320
exc,0.7,HK2,0.00178713272711965,0.00649488175079421,113320
exc,0.7,PFKFB3,0.410727766467284,0.738298623367455,113320
exc,0.7,NEFL,0.414289697428966,0.695658312742676,113320
exc,0.7,PTGDS,0.0973549411889853,0.270525944228733,113320
exc,0.7,MOG,0.0123571673654378,0.0415990116484292,113320
exc,0.7,MAG,0.00854325387505252,0.0271090716554889,113320
exc,0.7,SNAP25,2.09422619035366,0.997317331450759,113320
exc,0.7,SYT1,3.70161542533734,0.999991175432404,113320
exc,0.7,SLC17A7,0.651804797132978,0.874046946699612,113320
exc,0.7,RBFOX3,1.68474304474419,0.993893399223438,113320
exc,0.7,ATP6V1A,0.682428859830944,0.880232968584539,113320
exc,0.7,ATP6V1B2,0.430601347170697,0.757721496646664,113320
exc,0.7,ATP6V0A1,0.877216050172395,0.94569361101306,113320
exc,0.7,ATP6V0C,0.44003506016382,0.720728909283445,113320
exc,0.7,ATP6V0D1,0.203579541417861,0.515363572184963,113320
exc,0.7,ATP6V1E1,0.318669051681525,0.663572184962937,113320
exc,0.8,CA2,0.00781953946136879,0.0250339649624598,139850
exc,0.8,CA4,0.110088382428795,0.26697175545227,139850
exc,0.8,CA12,0.00888749228182396,0.0283232034322488,139850
exc,0.8,CA14,0.000897711435087161,0.00349660350375402,139850
exc,0.8,CA8,0.0776647608539154,0.179949946371112,139850
exc,0.8,CA11,0.374316945700618,0.690010725777619,139850
exc,0.8,CA9,0.000906591120338841,0.00334644261708974,139850
exc,0.8,BSG,0.330898964633705,0.645713264211655,139850
exc,0.8,EMB,0.206530134438467,0.445577404361816,139850
exc,0.8,SLC4A4,0.317104403608088,0.458405434393994,139850
exc,0.8,SLC4A2,0.00373151727167248,0.013385770468359,139850
exc,0.8,SLC4A10,2.19801699444412,0.997218448337505,139850
exc,0.8,SLC9A1,0.185832297184215,0.459427958526993,139850
exc,0.8,SLC9A6,0.338577204255449,0.66168752234537,139850
exc,0.8,SLC9A7,0.309743541037031,0.606800143010368,139850
exc,0.8,SLC16A1,0.0707632793847593,0.225784769395781,139850
exc,0.8,SLC16A3,0.0206363723238595,0.0731069002502682,139850
exc,0.8,SLC16A7,0.833971072758202,0.890361101179836,139850
exc,0.8,NDUFA1,0.0973699593363402,0.271869860564891,139850
exc,0.8,NDUFA2,0.0552080551524636,0.174930282445477,139850
exc,0.8,NDUFA4,0.254368962144075,0.523074722917412,139850
exc,0.8,NDUFA8,0.101557369611926,0.308637826242403,139850
exc,0.8,NDUFA9,0.220370810430578,0.53557382910261,139850
exc,0.8,NDUFA10,0.727774708881298,0.886957454415445,139850
exc,0.8,NDUFA13,0.171768837881447,0.429646049338577,139850
exc,0.8,NDUFB1,0.159972022684357,0.432913836253128,139850
exc,0.8,NDUFB2,0.13217695432521,0.367243475151949,139850
exc,0.8,NDUFB4,0.128748096891326,0.359535216303182,139850
exc,0.8,NDUFB6,0.202830321245005,0.498055058991777,139850
exc,0.8,NDUFB8,0.253433775789703,0.553936360386128,139850
exc,0.8,NDUFB9,0.0774066053910936,0.244376117268502,139850
exc,0.8,NDUFB10,0.051496474246668,0.158991776903826,139850
exc,0.8,NDUFS1,0.715081156308166,0.887586700035753,139850
exc,0.8,NDUFS2,0.181293229523395,0.452620664998212,139850
exc,0.8,NDUFS3,0.0735686725873765,0.233185555952807,139850
exc,0.8,NDUFS4,0.398861334192399,0.714601358598498,139850
exc,0.8,NDUFS7,0.122209366904062,0.343096174472649,139850
exc,0.8,NDUFS8,0.110789549358437,0.321916338934573,139850
exc,0.8,NDUFV1,0.197546223500157,0.497132642116554,139850
exc,0.8,NDUFV2,0.26545096220717,0.592999642474079,139850
exc,0.8,SDHA,0.277031057274311,0.613299964247408,139850
exc,0.8,SDHB,0.238990210378979,0.556553450125134,139850
exc,0.8,UQCRC1,0.126993995248355,0.359663925634609,139850
exc,0.8,UQCRC2,0.45577884781465,0.766585627457991,139850
exc,0.8,CYC1,0.0476942399026434,0.151269217018234,139850
exc,0.8,COX4I1,0.155456826988239,0.393292813728995,139850
exc,0.8,COX5A,0.121100454492908,0.346821594565606,139850
exc,0.8,COX6C,0.246554749886564,0.556167322130855,139850
exc,0.8,COX7C,0.177777106924569,0.400471934215231,139850
exc,0.8,ATP5F1A,0.291399156773302,0.619642474079371,139850
exc,0.8,ATP5F1B,0.245769716889215,0.53665355738291,139850
exc,0.8,ATP5MC1,0.0824319080246595,0.250933142652842,139850
exc,0.8,ATP5PB,0.143131568453511,0.40459063282088,139850
exc,0.8,PPARGC1A,0.458661392338662,0.674787272077226,139850
exc,0.8,PPARGC1B,0.389245978231979,0.70066499821237,139850
exc,0.8,PPRC1,0.0494201075188712,0.171376474794423,139850
exc,0.8,TFAM,0.0965746390337939,0.297518770110833,139850
exc,0.8,NRF1,0.803379713700985,0.892277440114408,139850
exc,0.8,NFE2L2,0.201914853049621,0.468072935287808,139850
exc,0.8,ESRRA,0.105882668613104,0.301043975688237,139850
exc,0.8,MFN1,0.336508714066772,0.651819806936003,139850
exc,0.8,MFN2,0.17463354170682,0.460371826957455,139850
exc,0.8,OPA1,0.776783538251039,0.894200929567394,139850
exc,0.8,DNM1L,0.721917222982161,0.873628888094387,139850
exc,0.8,FIS1,0.0984934107544787,0.29432963889882,139850
exc,0.8,SLC1A2,0.395817149595907,0.645720414730068,139850
exc,0.8,SLC1A3,0.047750386065608,0.125126921701823,139850
exc,0.8,GLUL,0.0454063867105249,0.131955666785842,139850
exc,0.8,SLC38A1,0.620506202678543,0.827279227744011,139850
exc,0.8,SLC38A3,0.00087841637483187,0.00273864855202002,139850
exc,0.8,ATP1A1,0.54032139499413,0.789345727565249,139850
exc,0.8,ATP1A2,0.100617398609316,0.279134787272077,139850
exc,0.8,ATP1A3,0.480239563433931,0.772756524848052,139850
exc,0.8,ATP1B1,0.889826917610223,0.902831605291384,139850
exc,0.8,ATP1B2,0.0574851070773582,0.141115480872363,139850
exc,0.8,AQP4,0.0476566206268809,0.1473864855202,139850
exc,0.8,KCNJ10,0.0074959427533584,0.0258491240614945,139850
exc,0.8,GJA1,0.0124778979117151,0.0338934572756525,139850
exc,0.8,GJB6,0.00186556933008862,0.00571326421165535,139850
exc,0.8,SLC2A1,0.0305491868209148,0.108959599570969,139850
exc,0.8,SLC2A3,0.158885762439851,0.416975330711477,139850
exc,0.8,GYS1,0.225139473199732,0.52821594565606,139850
exc,0.8,PYGB,0.350598083325037,0.678820164461924,139850
exc,0.8,PYGM,0.00107602615832409,0.00372542009295674,139850
exc,0.8,CPT1A,0.0336476403597341,0.107143367894172,139850
exc,0.8,ACADVL,0.181688216974533,0.458913121201287,139850
exc,0.8,HADHA,0.179398027982391,0.466256703611012,139850
exc,0.8,ACSL3,0.750441512527863,0.871791204862353,139850
exc,0.8,BDH1,0.546597444306437,0.802180908115838,139850
exc,0.8,OXCT1,0.626492182005025,0.829038255273507,139850
exc,0.8,SLC16A6,0.0419206171448439,0.143775473721845,139850
exc,0.8,RPL13A,0.181051595295577,0.426328208795138,139850
exc,0.8,RPS6,0.129672412091375,0.341959242045048,139850
exc,0.8,EIF4E,0.376606075579396,0.707729710404004,139850
exc,0.8,EEF2,0.155577521242873,0.39955666785842,139850
exc,0.8,HSPA5,0.106942719912565,0.297432963889882,139850
exc,0.8,DDIT3,0.0260785252668568,0.0863782624240258,139850
exc,0.8,ATF4,0.0835667150532497,0.252220235967108,139850
exc,0.8,EIF2AK3,0.310575533632134,0.613821952091527,139850
exc,0.8,GFAP,0.0248687234721361,0.0697604576331784,139850
exc,0.8,VIM,0.00400932164347977,0.0111691097604576,139850
exc,0.8,SERPINA3,0.0014143163988398,0.00420450482659993,139850
exc,0.8,CLU,0.853225555356018,0.888530568466214,139850
exc,0.8,C3,0.00859995466392936,0.0280514837325706,139850
exc,0.8,CD44,0.00379166038112211,0.0128566321058277,139850
exc,0.8,LAMP1,0.20106052947233,0.502052198784412,139850
exc,0.8,LAMP2,0.208703572644739,0.517683232034323,139850
exc,0.8,CTSB,0.284657230627086,0.609996424740794,139850
exc,0.8,CTSD,0.130830046757989,0.332634966035038,139850
exc,0.8,SLC40A1,0.00144081529106014,0.00479084733643189,139850
exc,0.8,TFRC,0.163398746314659,0.441229889166965,139850
exc,0.8,FTH1,0.529124047765731,0.71853414372542,139850
exc,0.8,FTL,0.255690447570097,0.502087951376475,139850
exc,0.8,CP,0.0106508180641855,0.0367465141222739,139850
exc,0.8,LDHA,0.115744081690966,0.318169467286378,139850
exc,0.8,HK2,0.00251871677032317,0.0085305684662138,139850
exc,0.8,PFKFB3,0.42707719181323,0.728909545942081,139850
exc,0.8,NEFL,0.411219365894155,0.674122273864855,139850
exc,0.8,PTGDS,0.0878085636527337,0.233907758312478,139850
exc,0.8,MOG,0.0108678630228272,0.0356810868787987,139850
exc,0.8,MAG,0.00804172515983683,0.0245834823024669,139850
exc,0.8,SNAP25,2.07653948233112,0.995931355023239,139850
exc,0.8,SYT1,3.73013041664628,1,139850
exc,0.8,SLC17A7,0.638554395881958,0.835638183768323,139850
exc,0.8,RBFOX3,1.732554692953,0.991848409009653,139850
exc,0.8,ATP6V1A,0.645537837137217,0.840843761172685,139850
exc,0.8,ATP6V1B2,0.408474322609579,0.715552377547372,139850
exc,0.8,ATP6V0A1,0.854692947364808,0.924333214158026,139850
exc,0.8,ATP6V0C,0.408737546567341,0.655373614587058,139850
exc,0.8,ATP6V0D1,0.205064263388989,0.502481229889167,139850
exc,0.8,ATP6V1E1,0.305525376197426,0.623582409724705,139850
exc,0.9,CA2,0.00861554455986843,0.0238528084252758,95712
exc,0.9,CA4,0.131902895478723,0.288741223671013,95712
exc,0.9,CA12,0.0103012258124661,0.0305708793045804,95712
exc,0.9,CA14,0.000698621296096532,0.00245528251420929,95712
exc,0.9,CA8,0.106049366197293,0.21875,95712
exc,0.9,CA11,0.370909405810924,0.658099297893681,95712
exc,0.9,CA9,0.000862947427575822,0.00284185891006352,95712
exc,0.9,BSG,0.412200924827339,0.69180458040789,95712
exc,0.9,EMB,0.225961643875877,0.435525325977934,95712
exc,0.9,SLC4A4,0.270701164788746,0.395801989301237,95712
exc,0.9,SLC4A2,0.00494322755129741,0.015692912069542,95712
exc,0.9,SLC4A10,2.23383567050901,0.996802908726178,95712
exc,0.9,SLC9A1,0.201945417732088,0.446130056837178,95712
exc,0.9,SLC9A6,0.32893049921336,0.61714309595453,95712
exc,0.9,SLC9A7,0.308497912338617,0.567326980942829,95712
exc,0.9,SLC16A1,0.0587603290222332,0.18251629889669,95712
exc,0.9,SLC16A3,0.0114991568041849,0.044780173854898,95712
exc,0.9,SLC16A7,0.812949602211254,0.865607238381812,95712
exc,0.9,NDUFA1,0.0776663838290765,0.220985874289535,95712
exc,0.9,NDUFA2,0.0517867949160874,0.154724590437981,95712
exc,0.9,NDUFA4,0.227865528310985,0.465082748244734,95712
exc,0.9,NDUFA8,0.0883670056514571,0.260437562688064,95712
exc,0.9,NDUFA9,0.198641204178198,0.465009612169843,95712
exc,0.9,NDUFA10,0.666309220747339,0.840176780341023,95712
exc,0.9,NDUFA13,0.171039409331991,0.402854396522902,95712
exc,0.9,NDUFB1,0.151501906367459,0.389083918421933,95712
exc,0.9,NDUFB2,0.126316973206172,0.336446840521565,95712
exc,0.9,NDUFB4,0.112091825170622,0.307641675025075,95712
exc,0.9,NDUFB6,0.196310345258118,0.45278543965229,95712
exc,0.9,NDUFB8,0.205139709813897,0.469105232363758,95712
exc,0.9,NDUFB9,0.0655249848085932,0.196809177532598,95712
exc,0.9,NDUFB10,0.0474213166832606,0.138216733533935,95712
exc,0.9,NDUFS1,0.697129359024563,0.856945837512538,95712
exc,0.9,NDUFS2,0.183035045974176,0.430844617184888,95712
exc,0.9,NDUFS3,0.0762835904833727,0.221947091273821,95712
exc,0.9,NDUFS4,0.386386345913508,0.66689652290204,95712
exc,0.9,NDUFS7,0.133356017746109,0.335569207622869,95712
exc,0.9,NDUFS8,0.113327978612098,0.300463891675025,95712
exc,0.9,NDUFV1,0.187837491499499,0.448000250752257,95712
exc,0.9,NDUFV2,0.244939810662301,0.528502173186225,95712
exc,0.9,SDHA,0.255177900709902,0.550975844199265,95712
exc,0.9,SDHB,0.229278784148726,0.507021063189569,95712
exc,0.9,UQCRC1,0.123008577448698,0.324818204613842,95712
exc,0.9,UQCRC2,0.416702634490689,0.702754095620194,95712
exc,0.9,CYC1,0.049593477309079,0.135928619190906,95712
exc,0.9,COX4I1,0.138752158908823,0.343363423604146,95712
exc,0.9,COX5A,0.111928249977519,0.300892260113674,95712
exc,0.9,COX6C,0.217612322816651,0.485122032764962,95712
exc,0.9,COX7C,0.143927658881758,0.333678117686393,95712
exc,0.9,ATP5F1A,0.261738198762308,0.54806084921431,95712
exc,0.9,ATP5F1B,0.214504443347821,0.469209712470746,95712
exc,0.9,ATP5MC1,0.0610972672707265,0.187071631561351,95712
exc,0.9,ATP5PB,0.125854379866798,0.343885824139084,95712
exc,0.9,PPARGC1A,0.394904401458863,0.590918589100635,95712
exc,0.9,PPARGC1B,0.363762727326624,0.643461634904714,95712
exc,0.9,PPRC1,0.0483869070480526,0.150879722500836,95712
exc,0.9,TFAM,0.0983081357822941,0.278220076897359,95712
exc,0.9,NRF1,0.772865859295383,0.854751755265797,95712
exc,0.9,NFE2L2,0.178883179769364,0.401464811099967,95712
exc,0.9,ESRRA,0.0873420380186838,0.236386242059512,95712
exc,0.9,MFN1,0.283990286363663,0.563398528920094,95712
exc,0.9,MFN2,0.159904725715543,0.401412571046473,95712
exc,0.9,OPA1,0.791304606476404,0.871583500501505,95712
exc,0.9,DNM1L,0.656237386961912,0.826322718154463,95712
exc,0.9,FIS1,0.0862469858343507,0.243052072885323,95712
exc,0.9,SLC1A2,0.361021897746027,0.58167209963223,95712
exc,0.9,SLC1A3,0.0475648360963103,0.117352056168506,95712
exc,0.9,GLUL,0.059047815208711,0.157984369775995,95712
exc,0.9,SLC38A1,0.641232920660031,0.810828318288198,95712
exc,0.9,SLC38A3,0.00133581021152977,0.00352097960548312,95712
exc,0.9,ATP1A1,0.549419253550908,0.765703360080241,95712
exc,0.9,ATP1A2,0.104118309617158,0.267354145770645,95712
exc,0.9,ATP1A3,0.53208521207682,0.779421598127717,95712
exc,0.9,ATP1B1,0.869468268958369,0.880380725509863,95712
exc,0.9,ATP1B2,0.0670840900230359,0.151851387495821,95712
exc,0.9,AQP4,0.0485608631754556,0.139282430625209,95712
exc,0.9,KCNJ10,0.00939425952810095,0.0273424439986627,95712
exc,0.9,GJA1,0.0164273558018308,0.0405905215646941,95712
exc,0.9,GJB6,0.00205959601687259,0.00569416583082581,95712
exc,0.9,SLC2A1,0.0284805133918083,0.0903648445336008,95712
exc,0.9,SLC2A3,0.161023636257157,0.39146606486125,95712
exc,0.9,GYS1,0.237385690460026,0.509267385489803,95712
exc,0.9,PYGB,0.342986092894858,0.637286860581745,95712
exc,0.9,PYGM,0.00144699244850743,0.00410606820461384,95712
exc,0.9,CPT1A,0.0288311691344982,0.0866871447676362,95712
exc,0.9,ACADVL,0.198195879780511,0.462376713473755,95712
exc,0.9,HADHA,0.174162041100525,0.424523570712136,95712
exc,0.9,ACSL3,0.718287967910102,0.833145269140756,95712
exc,0.9,BDH1,0.441784018819805,0.715417084587095,95712
exc,0.9,OXCT1,0.58524229235817,0.780393263122701,95712
exc,0.9,SLC16A6,0.0241298209368281,0.0805228184553661,95712
exc,0.9,RPL13A,0.176967512391631,0.395091524573721,95712
exc,0.9,RPS6,0.125643064080758,0.30759988298228,95712
exc,0.9,EIF4E,0.37968396496342,0.673687729856235,95712
exc,0.9,EEF2,0.175925569794776,0.403345453025744,95712
exc,0.9,HSPA5,0.0990953847383476,0.26840939485122,95712
exc,0.9,DDIT3,0.0251404570490113,0.0774093112671347,95712
exc,0.9,ATF4,0.0879525612522149,0.241171430959545,95712
exc,0.9,EIF2AK3,0.326667429033302,0.580679538615848,95712
exc,0.9,GFAP,0.0563172206092443,0.131028502173186,95712
exc,0.9,VIM,0.00436638250602307,0.011858492143096,95712
exc,0.9,SERPINA3,0.00286574216516093,0.00853602474088933,95712
exc,0.9,CLU,0.914417236319278,0.896919926446005,95712
exc,0.9,C3,0.00997932536700483,0.0288051654964895,95712
exc,0.9,CD44,0.00654586521074623,0.0187855232363758,95712
exc,0.9,LAMP1,0.192838336806472,0.453172016048144,95712
exc,0.9,LAMP2,0.204152494137833,0.475582998996991,95712
exc,0.9,CTSB,0.291435833213682,0.577513791374122,95712
exc,0.9,CTSD,0.162743141148389,0.352662153126045,95712
exc,0.9,SLC40A1,0.00157295471056206,0.00510907723169509,95712
exc,0.9,TFRC,0.145716243098135,0.373662654630558,95712
exc,0.9,FTH1,0.459855185970023,0.66495319291207,95712
exc,0.9,FTL,0.263655893978104,0.491119190906052,95712
exc,0.9,CP,0.00636093009115218,0.0237169842861919,95712
exc,0.9,LDHA,0.0941373254880882,0.264773487128051,95712
exc,0.9,HK2,0.00255830488939913,0.00791959210966232,95712
exc,0.9,PFKFB3,0.412941643801483,0.682317786693414,95712
exc,0.9,NEFL,0.37348338769841,0.621040203945169,95712
exc,0.9,PTGDS,0.0941633722912324,0.227369608826479,95712
exc,0.9,MOG,0.0109567330890254,0.033099297893681,95712
exc,0.9,MAG,0.00865619592178664,0.0247408893346707,95712
exc,0.9,SNAP25,2.1057297360667,0.995664075560013,95712
exc,0.9,SYT1,3.82509140751942,1,95712
exc,0.9,SLC17A7,0.663123482758989,0.834764710799064,95712
exc,0.9,RBFOX3,1.86294122080719,0.994034185891006,95712
exc,0.9,ATP6V1A,0.61809679949885,0.801644516883985,95712
exc,0.9,ATP6V1B2,0.385801084799831,0.665506937479104,95712
exc,0.9,ATP6V0A1,0.846433630649222,0.905612671347375,95712
exc,0.9,ATP6V0C,0.441774773828462,0.664399448345035,95712
exc,0.9,ATP6V0D1,0.213514591477348,0.478080073553995,95712
exc,0.9,ATP6V1E1,0.274168843600793,0.558686476094952,95712
